,graph_id,src,dest,total_border,greatest_border,nb_borders
0,0,0,3,311.47083326801373,311.47083326801373,1
1,0,0,6,3869.7155984711626,3869.7155984711626,1
2,0,0,8,577.5480436232923,577.5480436232923,1
3,0,0,11,860.1859616452018,860.1859616452018,1
4,0,0,20,1530.0512754117744,1167.854838786255,2
5,0,0,24,729.2089676650558,729.2089676650558,1
6,0,1,2,707.6002882346064,707.6002882346064,1
7,0,1,10,109.69918062914712,109.69918062914712,1
8,0,1,20,2746.359656616128,2746.359656616128,1
9,0,2,1,707.6002882346064,707.6002882346064,1
10,0,2,20,315.779519327296,315.779519327296,1
11,0,3,0,311.47083326801373,311.47083326801373,1
12,0,3,20,153.91448750938645,153.91448750938645,1
13,0,4,24,807.7934397344526,807.7934397344526,1
14,0,4,25,401.40355149389427,401.40355149389427,1
15,0,4,26,782.2782004357186,782.2782004357186,1
16,0,5,7,410.2099138726653,410.2099138726653,1
17,0,5,8,747.7186137291487,747.7186137291487,1
18,0,6,0,3869.7155984711626,3869.7155984711626,1
19,0,6,20,3613.0108914823363,3613.0108914823363,1
20,0,7,5,410.2099138726653,410.2099138726653,1
21,0,7,8,74.51001364370343,74.51001364370343,1
22,0,7,25,337.90887718144063,337.90887718144063,1
23,0,8,0,577.5480436232922,577.5480436232922,1
24,0,8,5,747.7186137291487,747.7186137291487,1
25,0,8,7,74.51001364370343,74.51001364370343,1
26,0,8,24,1559.139717596396,1559.139717596396,1
27,0,8,25,59.10316827495521,59.10316827495521,1
28,0,9,13,1482.5997846133762,1482.5997846133762,1
29,0,9,15,796.0918569408409,796.0918569408409,1
30,0,9,17,496.0571834105273,496.0571834105273,1
31,0,9,18,1365.1189944834196,1365.1189944834196,1
32,0,9,19,1373.470371370657,1373.470371370657,1
33,0,10,1,109.69918062914712,109.69918062914712,1
34,0,10,20,234.361460773535,234.361460773535,1
35,0,11,0,860.1859616452018,860.1859616452018,1
36,0,11,12,2174.182106740744,2056.2574727562287,2
37,0,11,13,1977.8714646869369,1215.4397195710092,2
38,0,11,14,1693.973149718209,1693.973149718209,1
39,0,11,20,823.2611993524721,823.2611993524721,1
40,0,11,21,1272.5720934273008,1272.5720934273008,1
41,0,11,24,1009.4866632328756,1009.4866632328756,1
42,0,11,26,4024.580527862813,4024.580527862813,1
43,0,11,27,3024.8610693668998,3024.8610693668998,1
44,0,11,28,2242.7017983132955,2242.7017983132955,1
45,0,11,29,1199.9377277586066,1199.9377277586066,1
46,0,11,32,1914.3400681548078,1914.3400681548078,1
47,0,12,11,2174.182106740744,2056.2574727562287,2
48,0,12,20,999.6444100264696,999.6444100264696,1
49,0,12,21,2544.8945324473416,2544.8945324473416,1
50,0,12,22,860.5792106122415,860.5792106122415,1
51,0,12,23,445.7202620718027,445.7202620718027,1
52,0,13,9,1482.599784613376,1482.599784613376,1
53,0,13,11,1977.871464686937,1215.4397195710092,2
54,0,13,14,1031.2122735012053,1031.2122735012053,1
55,0,13,16,2248.0420640731827,1247.1020082106447,2
56,0,13,17,3947.4377024577675,3947.4377024577675,1
57,0,13,28,1665.3749338172577,1665.3749338172577,1
58,0,13,29,1751.0657009645145,1751.0657009645145,1
59,0,13,30,3654.1993306164354,3654.1993306164354,1
60,0,13,31,170.18028411577654,170.18028411577654,1
61,0,13,32,313.245384060364,313.245384060364,1
62,0,14,11,1693.973149718209,1693.973149718209,1
63,0,14,13,1031.2122735012053,1031.2122735012053,1
64,0,14,28,1825.7761936487418,1825.7761936487418,1
65,0,14,29,308.3064839176111,308.3064839176111,1
66,0,15,9,796.091856940841,796.091856940841,1
67,0,15,18,319.6953376457324,319.6953376457324,1
68,0,16,13,2248.0420640731827,1247.102008210645,2
69,0,16,30,333.41368607069876,333.41368607069876,1
70,0,17,9,496.0571834105273,496.0571834105273,1
71,0,17,13,3947.4377024577666,3947.4377024577666,1
72,0,17,19,1555.5644254679369,1555.5644254679369,1
73,0,18,9,1365.1189944834193,1365.1189944834193,1
74,0,18,15,319.6953376457325,319.6953376457325,1
75,0,18,19,2006.914689620009,2006.914689620009,1
76,0,19,9,1373.4703713706567,1373.4703713706567,1
77,0,19,17,1555.5644254679369,1555.5644254679369,1
78,0,19,18,2006.9146896200093,2006.9146896200093,1
79,0,20,0,1530.051275411774,1167.8548387862547,2
80,0,20,1,2746.359656616129,2746.359656616129,1
81,0,20,2,315.77951932729593,315.77951932729593,1
82,0,20,3,153.91448750938645,153.91448750938645,1
83,0,20,6,3613.0108914823363,3613.0108914823363,1
84,0,20,10,234.361460773535,234.361460773535,1
85,0,20,11,823.261199352472,823.261199352472,1
86,0,20,12,999.6444100264696,999.6444100264696,1
87,0,20,22,98.44027581284234,98.44027581284234,1
88,0,20,23,1768.975370100109,1768.975370100109,1
89,0,21,11,1272.5720934273008,1272.5720934273008,1
90,0,21,12,2544.894532447342,2544.894532447342,1
91,0,22,12,860.5792106122415,860.5792106122415,1
92,0,22,20,98.44027581284234,98.44027581284234,1
93,0,22,23,2218.976415443592,2218.976415443592,1
94,0,23,12,445.7202620718027,445.7202620718027,1
95,0,23,20,1768.9753701001096,1768.9753701001096,1
96,0,23,22,2218.976415443592,2218.976415443592,1
97,0,24,0,729.2089676650558,729.2089676650558,1
98,0,24,4,807.7934397344525,807.7934397344525,1
99,0,24,8,1559.1397175963964,1559.1397175963964,1
100,0,24,11,1009.4866632328755,1009.4866632328755,1
101,0,24,25,438.1238024271687,438.1238024271687,1
102,0,24,26,2172.7831179607033,2172.7831179607033,1
103,0,25,4,401.40355149389427,401.40355149389427,1
104,0,25,7,337.90887718144063,337.90887718144063,1
105,0,25,8,59.10316827495521,59.10316827495521,1
106,0,25,24,438.1238024271687,438.1238024271687,1
107,0,26,4,782.2782004357188,782.2782004357188,1
108,0,26,11,4024.580527862813,4024.580527862813,1
109,0,26,24,2172.7831179607033,2172.7831179607033,1
110,0,26,32,826.3101184389952,826.3101184389952,1
111,0,27,11,3024.8610693668993,3024.8610693668993,1
112,0,28,11,2242.7017983132955,2242.7017983132955,1
113,0,28,13,1665.374933817257,1665.374933817257,1
114,0,28,14,1825.776193648742,1825.776193648742,1
115,0,29,11,1199.9377277586066,1199.9377277586066,1
116,0,29,13,1751.0657009645145,1751.0657009645145,1
117,0,29,14,308.3064839176111,308.3064839176111,1
118,0,30,13,3654.199330616434,3654.199330616434,1
119,0,30,16,333.41368607069876,333.41368607069876,1
120,0,31,13,170.18028411577654,170.18028411577654,1
121,0,32,11,1914.3400681548078,1914.3400681548078,1
122,0,32,13,313.2453840603641,313.2453840603641,1
123,0,32,26,826.3101184389953,826.3101184389953,1
124,1,0,1,101.1265210510137,101.1265210510137,1
125,1,0,11,1698.7507885717368,1698.7507885717368,1
126,1,1,0,101.1265210510137,101.1265210510137,1
127,1,1,2,219.07503541313275,219.07503541313275,1
128,1,1,11,2547.1512685716084,1405.0879287599184,2
129,1,2,1,219.07503541313275,219.07503541313275,1
130,1,2,11,2381.250435726886,2381.250435726886,1
131,1,3,5,175.79301360534308,175.79301360534308,1
132,1,3,11,5506.383228172417,5506.383228172417,1
133,1,4,11,2267.1349922491027,2267.1349922491027,1
134,1,5,3,175.79301360534308,175.79301360534308,1
135,1,5,11,2753.0148719922436,2753.0148719922436,1
136,1,6,11,3103.170807260863,3103.170807260863,1
137,1,7,11,309.8792751083084,309.8792751083084,1
138,1,8,11,152.05636973417583,152.05636973417583,1
139,1,9,11,2863.103851111314,2863.103851111314,1
140,1,10,11,732.6811753314307,732.6811753314307,1
141,1,11,0,1698.7507885717364,1698.7507885717364,1
142,1,11,1,2547.1512685716084,1405.0879287599182,2
143,1,11,2,2381.2504357268863,2381.2504357268863,1
144,1,11,3,5506.383228172416,5506.383228172416,1
145,1,11,4,2267.1349922491036,2267.1349922491036,1
146,1,11,5,2753.014871992244,2753.014871992244,1
147,1,11,6,3103.170807260864,3103.170807260864,1
148,1,11,7,309.8792751083084,309.8792751083084,1
149,1,11,8,152.05636973417583,152.05636973417583,1
150,1,11,9,2863.103851111314,2863.103851111314,1
151,1,11,10,732.6811753314308,732.6811753314308,1
152,2,0,2,1060.6591512910738,1060.6591512910738,1
153,2,0,3,774.9179187550963,774.9179187550963,1
154,2,0,4,2502.499273990487,2502.499273990487,1
155,2,0,5,9484.18302432864,9484.18302432864,1
156,2,0,6,291.8300301375141,291.8300301375141,1
157,2,0,7,88.62605776274451,88.62605776274451,1
158,2,0,8,3855.8692195292633,3855.8692195292633,1
159,2,0,11,2026.9423012309383,2026.9423012309383,1
160,2,0,12,4524.782117760414,4524.782117760414,1
161,2,0,13,2110.4871417050263,2110.4871417050263,1
162,2,0,14,2434.9976169854085,2434.9976169854085,1
163,2,0,16,943.7438469124415,943.7438469124415,1
164,2,0,17,148.12821447838328,148.12821447838328,1
165,2,1,9,611.2890338157865,611.2890338157865,1
166,2,2,0,1060.6591512910738,1060.6591512910738,1
167,2,3,0,774.9179187550964,774.9179187550964,1
168,2,3,4,668.6932524337533,668.6932524337533,1
169,2,3,8,1741.9202203157577,1741.9202203157577,1
170,2,4,0,2502.499273990487,2502.499273990487,1
171,2,4,3,668.6932524337533,668.6932524337533,1
172,2,5,0,9484.183024328642,9484.183024328642,1
173,2,6,0,291.8300301375141,291.8300301375141,1
174,2,6,13,216.82251029337746,216.82251029337746,1
175,2,7,0,88.62605776274451,88.62605776274451,1
176,2,8,0,3855.8692195292624,3855.8692195292624,1
177,2,8,3,1741.9202203157577,1741.9202203157577,1
178,2,9,1,611.2890338157866,611.2890338157866,1
179,2,9,15,954.3051359465871,954.3051359465871,1
180,2,9,17,502.8882386328468,502.8882386328468,1
181,2,10,17,1204.3414070826923,1204.3414070826923,1
182,2,11,0,2026.9423012309385,2026.9423012309385,1
183,2,12,0,4524.782117760414,4524.782117760414,1
184,2,12,13,2176.0393678976775,2176.0393678976775,1
185,2,13,0,2110.4871417050263,2110.4871417050263,1
186,2,13,6,216.82251029337746,216.82251029337746,1
187,2,13,12,2176.0393678976775,2176.0393678976775,1
188,2,14,0,2434.9976169854094,2434.9976169854094,1
189,2,15,9,954.3051359465873,954.3051359465873,1
190,2,15,16,699.6892989405437,699.6892989405437,1
191,2,15,17,481.2518371379398,481.2518371379398,1
192,2,16,0,943.7438469124414,943.7438469124414,1
193,2,16,15,699.6892989405437,699.6892989405437,1
194,2,16,17,423.6518608633265,423.6518608633265,1
195,2,17,0,148.12821447838328,148.12821447838328,1
196,2,17,9,502.8882386328468,502.8882386328468,1
197,2,17,10,1204.3414070826925,1204.3414070826925,1
198,2,17,15,481.2518371379398,481.2518371379398,1
199,2,17,16,423.65186086332653,423.65186086332653,1
200,3,0,6,5188.307630913381,5188.307630913381,1
201,3,1,2,1586.964939310072,1134.4339661881659,2
202,3,1,3,3595.0716611877992,3595.0716611877992,1
203,3,1,4,487.2715189407087,487.2715189407087,1
204,3,1,6,5269.818158708198,5269.818158708198,1
205,3,1,7,2656.314506021882,2656.314506021882,1
206,3,1,8,179.80421291873932,179.80421291873932,1
207,3,2,1,1586.9649393100722,1134.433966188166,2
208,3,2,3,251.00852976553864,251.00852976553864,1
209,3,2,7,1107.0033331123843,1107.0033331123843,1
210,3,2,8,2881.3007473032776,2881.3007473032776,1
211,3,3,1,3595.0716611877992,3595.0716611877992,1
212,3,3,2,251.00852976553864,251.00852976553864,1
213,3,4,1,487.2715189407087,487.2715189407087,1
214,3,4,5,20.80359735069056,20.80359735069056,1
215,3,4,6,110.02668994348014,110.02668994348014,1
216,3,4,8,1833.574830965987,1833.574830965987,1
217,3,5,4,20.80359735069056,20.80359735069056,1
218,3,5,6,45.85850744837153,45.85850744837153,1
219,3,6,0,5188.3076309133785,5188.3076309133785,1
220,3,6,1,5269.8181587082,5269.8181587082,1
221,3,6,4,110.02668994348014,110.02668994348014,1
222,3,6,5,45.85850744837153,45.85850744837153,1
223,3,6,9,256.53349488944906,256.53349488944906,1
224,3,6,10,262.40588077257416,262.40588077257416,1
225,3,6,11,3945.801609068228,3945.801609068228,1
226,3,6,12,940.3156619355885,940.3156619355885,1
227,3,6,13,5085.450848450186,5085.450848450186,1
228,3,6,14,4411.066807263276,2492.334920569164,2
229,3,6,15,4788.425651420506,4788.425651420506,1
230,3,7,1,2656.3145060218826,2656.3145060218826,1
231,3,7,2,1107.0033331123843,1107.0033331123843,1
232,3,8,1,179.80421291873932,179.80421291873932,1
233,3,8,2,2881.300747303277,2881.300747303277,1
234,3,8,4,1833.5748309659866,1833.5748309659866,1
235,3,9,6,256.53349488944906,256.53349488944906,1
236,3,10,6,262.40588077257416,262.40588077257416,1
237,3,11,6,3945.8016090682295,3945.8016090682295,1
238,3,12,6,940.3156619355883,940.3156619355883,1
239,3,13,6,5085.450848450186,5085.450848450186,1
240,3,13,14,1733.1672378668534,1733.1672378668534,1
241,3,14,6,4411.066807263277,2492.3349205691648,2
242,3,14,13,1733.1672378668527,1733.1672378668527,1
243,3,15,6,4788.425651420508,4788.425651420508,1
244,4,0,10,3261.800036502884,3261.800036502884,1
245,4,1,9,3059.650812096207,3059.650812096207,1
246,4,2,9,8925.921274975495,8925.921274975495,1
247,4,3,5,268.048522888029,268.048522888029,1
248,4,3,9,3221.9339110248447,3221.9339110248447,1
249,4,4,10,1801.3729130866332,1801.3729130866332,1
250,4,5,3,268.048522888029,268.048522888029,1
251,4,5,6,151.28591676687955,151.28591676687955,1
252,4,5,9,1144.383006411415,753.5989356280636,2
253,4,5,10,1326.4084264175476,1102.9443038882662,2
254,4,6,5,151.28591676687955,151.28591676687955,1
255,4,6,10,3769.805859424223,3769.805859424223,1
256,4,7,8,1678.4361260618223,1678.4361260618223,1
257,4,7,9,4005.827592027707,4005.827592027707,1
258,4,7,10,1182.4138249867246,1182.4138249867246,1
259,4,8,7,1678.4361260618225,1678.4361260618225,1
260,4,9,1,3059.6508120962058,3059.6508120962058,1
261,4,9,2,8925.921274975495,8925.921274975495,1
262,4,9,3,3221.933911024845,3221.933911024845,1
263,4,9,5,1144.383006411415,753.5989356280637,2
264,4,9,7,4005.8275920277065,4005.8275920277065,1
265,4,9,10,4242.378818479832,3731.3759184791707,2
266,4,10,0,3261.8000365028843,3261.8000365028843,1
267,4,10,4,1801.3729130866332,1801.3729130866332,1
268,4,10,5,1326.4084264175476,1102.9443038882662,2
269,4,10,6,3769.8058594242243,3769.8058594242243,1
270,4,10,7,1182.4138249867244,1182.4138249867244,1
271,4,10,9,4242.378818479832,3731.3759184791707,2
272,5,0,1,1790.2347459020048,1790.2347459020048,1
273,5,0,13,5192.189060293412,5192.189060293412,1
274,5,0,14,748.2035814663315,748.2035814663315,1
275,5,1,0,1790.2347459020048,1790.2347459020048,1
276,5,1,2,2181.0006169835137,2181.0006169835137,1
277,5,1,9,1053.9407000906674,1053.9407000906674,1
278,5,1,13,345.5973808995235,345.5973808995235,1
279,5,1,14,975.6119746759672,788.6003323519507,2
280,5,2,1,2181.0006169835137,2181.0006169835137,1
281,5,2,14,2927.4649106908364,2927.4649106908364,1
282,5,3,4,1461.5836557379164,1461.5836557379164,1
283,5,3,13,3224.7963487186275,3224.7963487186275,1
284,5,4,3,1461.5836557379162,1461.5836557379162,1
285,5,4,13,526.335829591166,526.335829591166,1
286,5,5,13,1934.5534501175373,1934.5534501175373,1
287,5,6,13,664.3300827043165,664.3300827043165,1
288,5,7,13,6097.6952449840055,6097.6952449840055,1
289,5,8,13,2920.4758305498262,2920.4758305498262,1
290,5,9,1,1053.9407000906674,1053.9407000906674,1
291,5,9,13,2359.386255092953,2359.386255092953,1
292,5,9,14,266.79008753931726,266.79008753931726,1
293,5,10,13,2988.6169047520825,2988.6169047520825,1
294,5,11,14,4562.982759989348,4562.982759989348,1
295,5,11,15,2761.6054785545825,2761.6054785545825,1
296,5,12,15,1807.521780651877,1807.521780651877,1
297,5,13,0,5192.189060293412,5192.189060293412,1
298,5,13,1,345.5973808995235,345.5973808995235,1
299,5,13,3,3224.796348718629,3224.796348718629,1
300,5,13,4,526.335829591166,526.335829591166,1
301,5,13,5,1934.5534501175377,1934.5534501175377,1
302,5,13,6,664.3300827043164,664.3300827043164,1
303,5,13,7,6097.6952449840055,6097.6952449840055,1
304,5,13,8,2920.4758305498267,2920.4758305498267,1
305,5,13,9,2359.3862550929516,2359.3862550929516,1
306,5,13,10,2988.6169047520807,2988.6169047520807,1
307,5,14,0,748.2035814663317,748.2035814663317,1
308,5,14,1,975.6119746759673,788.6003323519507,2
309,5,14,2,2927.464910690836,2927.464910690836,1
310,5,14,9,266.7900875393173,266.7900875393173,1
311,5,14,11,4562.982759989347,4562.982759989347,1
312,5,15,11,2761.6054785545825,2761.6054785545825,1
313,5,15,12,1807.521780651877,1807.521780651877,1
314,6,0,16,1456.4190441255694,1456.4190441255694,1
315,6,1,3,409.8318042633772,409.8318042633772,1
316,6,1,5,440.75456931648597,440.75456931648597,1
317,6,1,7,177.95762023418854,177.95762023418854,1
318,6,1,16,1461.8965237115406,1461.8965237115406,1
319,6,2,3,4883.796407914619,4883.796407914619,1
320,6,2,4,179.52176212841587,179.52176212841587,1
321,6,2,16,991.7408374983079,618.791692320184,2
322,6,3,1,409.8318042633772,409.8318042633772,1
323,6,3,2,4883.796407914619,4883.796407914619,1
324,6,3,7,356.1255871862113,356.1255871862113,1
325,6,3,13,5136.645146387047,5136.645146387047,1
326,6,3,16,3444.3814398292743,2434.1542870401654,2
327,6,4,2,179.52176212841587,179.52176212841587,1
328,6,5,1,440.754569316486,440.754569316486,1
329,6,5,7,664.3633316965527,664.3633316965527,1
330,6,5,10,280.1941931381751,280.1941931381751,1
331,6,5,15,785.5473295282957,785.5473295282957,1
332,6,5,16,4696.13869369412,3222.2189097775026,2
333,6,6,16,563.6134862400083,563.6134862400083,1
334,6,7,1,177.95762023418854,177.95762023418854,1
335,6,7,3,356.12558718621136,356.12558718621136,1
336,6,7,5,664.3633316965527,664.3633316965527,1
337,6,7,10,932.7776196092342,932.7776196092342,1
338,6,7,16,2068.118775829847,2068.118775829847,1
339,6,8,16,1252.4630258020882,1252.4630258020882,1
340,6,9,16,3543.2779334920856,3543.2779334920856,1
341,6,10,5,280.1941931381751,280.1941931381751,1
342,6,10,7,932.7776196092341,932.7776196092341,1
343,6,10,16,2185.5334736371465,2185.5334736371465,1
344,6,11,16,37.00544109206579,37.00544109206579,1
345,6,12,16,3366.366729339751,3366.366729339751,1
346,6,13,3,5136.645146387047,5136.645146387047,1
347,6,13,16,1985.798180792015,1985.798180792015,1
348,6,14,16,1550.8299257813635,1550.8299257813635,1
349,6,15,5,785.5473295282956,785.5473295282956,1
350,6,15,16,2930.3547935349775,2930.3547935349775,1
351,6,16,0,1456.4190441255694,1456.4190441255694,1
352,6,16,1,1461.8965237115403,1461.8965237115403,1
353,6,16,2,991.740837498308,618.7916923201841,2
354,6,16,3,3444.381439829275,2434.154287040166,2
355,6,16,5,4696.13869369412,3222.218909777502,2
356,6,16,6,563.6134862400085,563.6134862400085,1
357,6,16,7,2068.118775829847,2068.118775829847,1
358,6,16,8,1252.4630258020882,1252.4630258020882,1
359,6,16,9,3543.2779334920856,3543.2779334920856,1
360,6,16,10,2185.5334736371456,2185.5334736371456,1
361,6,16,11,37.00544109206579,37.00544109206579,1
362,6,16,12,3366.3667293397507,3366.3667293397507,1
363,6,16,13,1985.798180792015,1985.798180792015,1
364,6,16,14,1550.8299257813635,1550.8299257813635,1
365,6,16,15,2930.3547935349775,2930.3547935349775,1
366,7,0,21,2312.6855497870765,2312.6855497870765,1
367,7,0,22,746.3235762675887,746.3235762675887,1
368,7,1,21,385.3064576055331,385.3064576055331,1
369,7,2,3,4296.499692743002,4296.499692743002,1
370,7,3,2,4296.499692743002,4296.499692743002,1
371,7,3,4,1838.6892354693298,1838.6892354693298,1
372,7,3,5,2922.048787987277,2922.048787987277,1
373,7,3,7,0.0,0.0,1
374,7,3,20,1369.3111875876136,1369.3111875876136,1
375,7,4,3,1838.68923546933,1838.68923546933,1
376,7,5,3,2922.048787987277,2922.048787987277,1
377,7,5,7,1080.9234219143966,1080.9234219143966,1
378,7,5,8,220.47746310195106,220.47746310195106,1
379,7,5,20,0.0,0.0,1
380,7,6,9,1427.196473979696,1427.196473979696,1
381,7,6,21,892.515927977289,892.515927977289,1
382,7,7,3,0.0,0.0,1
383,7,7,5,1080.9234219143966,1080.9234219143966,1
384,7,7,8,333.23946814503967,333.23946814503967,1
385,7,7,20,958.7497420984407,958.7497420984407,1
386,7,8,5,220.4774631019511,220.4774631019511,1
387,7,8,7,333.2394681450396,333.2394681450396,1
388,7,8,9,1101.9472610738721,1101.9472610738721,1
389,7,8,20,429.206205251745,429.206205251745,1
390,7,9,6,1427.1964739796963,1427.1964739796963,1
391,7,9,8,1101.9472610738721,1101.9472610738721,1
392,7,9,13,596.5700074625831,596.5700074625831,1
393,7,9,20,1712.3428544826857,1712.3428544826857,1
394,7,9,21,2407.3931802696143,2407.3931802696143,1
395,7,10,13,170.60065594938064,170.60065594938064,1
396,7,10,21,4189.376300825956,4189.376300825956,1
397,7,11,21,2661.5867480466422,2661.5867480466422,1
398,7,12,15,49.98724479817972,49.98724479817972,1
399,7,12,21,2608.6959668575737,2608.6959668575737,1
400,7,13,9,596.570007462583,596.570007462583,1
401,7,13,10,170.60065594938064,170.60065594938064,1
402,7,13,21,257.86703947192075,257.86703947192075,1
403,7,14,15,231.52193946396534,231.52193946396534,1
404,7,15,12,49.98724479817972,49.98724479817972,1
405,7,15,14,231.52193946396534,231.52193946396534,1
406,7,15,21,865.1241443855259,865.1241443855259,1
407,7,16,21,3532.9184948674147,3532.9184948674147,1
408,7,16,22,299.75896746359,299.75896746359,1
409,7,17,22,1491.7092221899136,1491.7092221899136,1
410,7,18,21,1004.7595514452854,1004.7595514452854,1
411,7,19,21,2647.831833540492,2647.831833540492,1
412,7,20,3,1369.3111875876134,1369.3111875876134,1
413,7,20,5,0.0,0.0,1
414,7,20,7,958.7497420984406,958.7497420984406,1
415,7,20,8,429.206205251745,429.206205251745,1
416,7,20,9,1712.342854482686,1712.342854482686,1
417,7,21,0,2312.6855497870765,2312.6855497870765,1
418,7,21,1,385.30645760553307,385.30645760553307,1
419,7,21,6,892.5159279772893,892.5159279772893,1
420,7,21,9,2407.3931802696143,2407.3931802696143,1
421,7,21,10,4189.376300825957,4189.376300825957,1
422,7,21,11,2661.5867480466422,2661.5867480466422,1
423,7,21,12,2608.695966857574,2608.695966857574,1
424,7,21,13,257.86703947192075,257.86703947192075,1
425,7,21,15,865.1241443855259,865.1241443855259,1
426,7,21,16,3532.918494867414,3532.918494867414,1
427,7,21,18,1004.7595514452854,1004.7595514452854,1
428,7,21,19,2647.831833540492,2647.831833540492,1
429,7,21,22,1375.5893192109652,1108.1592192095704,2
430,7,22,0,746.3235762675887,746.3235762675887,1
431,7,22,16,299.75896746359,299.75896746359,1
432,7,22,17,1491.7092221899136,1491.7092221899136,1
433,7,22,21,1375.5893192109652,1108.1592192095704,2
434,8,0,4,1625.3424430370574,1625.3424430370574,1
435,8,0,6,1495.5843241474815,1495.5843241474815,1
436,8,0,10,311.3736258382236,311.3736258382236,1
437,8,0,12,1737.6534863763059,1737.6534863763059,1
438,8,1,2,2656.5955767311143,2656.5955767311143,1
439,8,1,3,4899.24627143036,4899.24627143036,1
440,8,1,5,2570.5071925019042,2570.5071925019042,1
441,8,1,6,4695.963695637399,4695.963695637399,1
442,8,1,14,1987.081573872634,1987.081573872634,1
443,8,1,17,1706.4350379104364,837.5136866967647,3
444,8,2,1,2656.5955767311148,2656.5955767311148,1
445,8,2,17,1822.856428417335,1822.856428417335,1
446,8,3,1,4899.24627143036,4899.24627143036,1
447,8,3,17,1767.372251397334,1767.372251397334,1
448,8,4,0,1625.3424430370578,1625.3424430370578,1
449,8,4,10,1201.9420361478115,1201.9420361478115,1
450,8,5,1,2570.507192501904,2570.507192501904,1
451,8,6,0,1495.5843241474815,1495.5843241474815,1
452,8,6,1,4695.9636956374,4695.9636956374,1
453,8,6,7,3092.5148484273936,3092.5148484273936,1
454,8,6,8,578.6382666782534,578.6382666782534,1
455,8,6,9,2789.486627231738,2789.486627231738,1
456,8,6,12,251.98342082469154,251.98342082469154,1
457,8,6,15,678.462688059965,678.462688059965,1
458,8,6,16,1308.8382859338203,1308.8382859338203,1
459,8,6,17,1739.9636410612525,1739.9636410612525,1
460,8,7,6,3092.5148484273936,3092.5148484273936,1
461,8,8,6,578.6382666782534,578.6382666782534,1
462,8,8,10,343.1950700416289,343.1950700416289,1
463,8,8,11,2304.6941482083157,2304.6941482083157,1
464,8,8,12,459.1553627952637,459.1553627952637,1
465,8,8,13,1768.4351357678343,970.617150969751,2
466,8,8,15,981.7189858359302,981.7189858359302,1
467,8,8,16,1458.350240112991,1458.350240112991,1
468,8,8,19,1300.2948622065664,1300.2948622065664,1
469,8,9,6,2789.4866272317386,2789.4866272317386,1
470,8,9,12,146.9379159437282,146.9379159437282,1
471,8,9,15,86.67533732177556,86.67533732177556,1
472,8,10,0,311.3736258382236,311.3736258382236,1
473,8,10,4,1201.9420361478112,1201.9420361478112,1
474,8,10,8,343.1950700416289,343.1950700416289,1
475,8,10,12,190.70252598686966,190.70252598686966,1
476,8,10,13,242.5738534936229,242.5738534936229,1
477,8,10,19,736.4920453738148,736.4920453738148,1
478,8,10,21,18.77954941134733,18.77954941134733,1
479,8,10,24,1529.2664275733264,1529.2664275733264,1
480,8,11,8,2304.6941482083157,2304.6941482083157,1
481,8,11,13,447.91212529990526,447.91212529990526,1
482,8,12,0,1737.6534863763059,1737.6534863763059,1
483,8,12,6,251.98342082469156,251.98342082469156,1
484,8,12,8,459.1553627952637,459.1553627952637,1
485,8,12,9,146.9379159437282,146.9379159437282,1
486,8,12,10,190.70252598686966,190.70252598686966,1
487,8,12,15,1271.5001489017402,1271.5001489017402,1
488,8,13,8,1768.4351357678343,970.617150969751,2
489,8,13,10,242.5738534936229,242.5738534936229,1
490,8,13,11,447.91212529990526,447.91212529990526,1
491,8,13,19,655.5863920979209,655.5863920979209,1
492,8,14,1,1987.0815738726337,1987.0815738726337,1
493,8,14,17,4614.076324773286,4614.076324773286,1
494,8,15,6,678.4626880599651,678.4626880599651,1
495,8,15,8,981.7189858359304,981.7189858359304,1
496,8,15,9,86.67533732177556,86.67533732177556,1
497,8,15,12,1271.5001489017402,1271.5001489017402,1
498,8,16,6,1308.8382859338203,1308.8382859338203,1
499,8,16,8,1458.3502401129904,1458.3502401129904,1
500,8,17,1,1706.4350379104362,837.5136866967646,3
501,8,17,2,1822.8564284173356,1822.8564284173356,1
502,8,17,3,1767.372251397334,1767.372251397334,1
503,8,17,6,1739.9636410612525,1739.9636410612525,1
504,8,17,14,4614.076324773284,4614.076324773284,1
505,8,17,18,513.4413104925651,513.4413104925651,1
506,8,18,17,513.4413104925652,513.4413104925652,1
507,8,19,8,1300.2948622065662,1300.2948622065662,1
508,8,19,10,736.4920453738148,736.4920453738148,1
509,8,19,13,655.5863920979209,655.5863920979209,1
510,8,19,20,578.188146310131,578.188146310131,1
511,8,19,22,599.1582974793846,599.1582974793846,1
512,8,19,23,2410.4454702203425,2410.4454702203425,1
513,8,19,24,2309.4647604933507,2309.4647604933507,1
514,8,20,19,578.188146310131,578.188146310131,1
515,8,20,23,355.3627404646398,355.3627404646398,1
516,8,21,10,18.77954941134733,18.77954941134733,1
517,8,22,19,599.1582974793846,599.1582974793846,1
518,8,23,19,2410.4454702203425,2410.4454702203425,1
519,8,23,20,355.3627404646398,355.3627404646398,1
520,8,24,10,1529.2664275733264,1529.2664275733264,1
521,8,24,19,2309.464760493351,2309.464760493351,1
522,9,0,4,948.6172846369018,948.6172846369018,1
523,9,0,10,5425.268947046059,5425.268947046059,1
524,9,0,11,5780.632047524105,5780.632047524105,1
525,9,1,11,159.24732588201425,159.24732588201425,1
526,9,2,11,4.283305867307783,4.283305867307783,1
527,9,3,4,406.9701015963846,406.9701015963846,1
528,9,3,11,51.63676467374911,51.63676467374911,1
529,9,4,0,948.6172846369019,948.6172846369019,1
530,9,4,3,406.9701015963846,406.9701015963846,1
531,9,4,5,1343.7484782317263,1343.7484782317263,1
532,9,4,6,2239.9131101245403,1334.3836892775819,2
533,9,4,9,197.70494895638467,197.70494895638467,1
534,9,4,10,4673.560908557917,4673.560908557917,1
535,9,4,11,848.0666304321334,848.0666304321334,1
536,9,4,13,93.87291509718878,93.87291509718878,1
537,9,4,17,1623.5407802586806,1623.5407802586806,1
538,9,5,4,1343.748478231726,1343.748478231726,1
539,9,5,6,2815.340952281226,2815.340952281226,1
540,9,5,13,1803.6476197707568,1803.6476197707568,1
541,9,5,14,497.88701093089605,497.88701093089605,1
542,9,5,18,18.661838067125696,18.661838067125696,1
543,9,6,4,2239.9131101245403,1334.3836892775817,2
544,9,6,5,2815.340952281225,2815.340952281225,1
545,9,6,15,439.87964358447965,439.87964358447965,1
546,9,6,16,1406.2837016266285,1406.2837016266285,1
547,9,6,17,1083.9296785605698,1083.9296785605698,1
548,9,6,18,1137.3452979448505,1137.3452979448505,1
549,9,7,10,857.7202645839229,857.7202645839229,1
550,9,8,10,683.5836341353809,683.5836341353809,1
551,9,9,4,197.70494895638467,197.70494895638467,1
552,9,10,0,5425.26894704606,5425.26894704606,1
553,9,10,4,4673.560908557919,4673.560908557919,1
554,9,10,7,857.7202645839229,857.7202645839229,1
555,9,10,8,683.5836341353809,683.5836341353809,1
556,9,10,11,1375.6922180965207,1375.6922180965207,1
557,9,11,0,5780.632047524102,5780.632047524102,1
558,9,11,1,159.24732588201422,159.24732588201422,1
559,9,11,2,4.283305867307783,4.283305867307783,1
560,9,11,3,51.63676467374911,51.63676467374911,1
561,9,11,4,848.0666304321334,848.0666304321334,1
562,9,11,10,1375.6922180965207,1375.6922180965207,1
563,9,11,12,355.21433189424715,355.21433189424715,1
564,9,12,11,355.2143318942472,355.2143318942472,1
565,9,13,4,93.87291509718878,93.87291509718878,1
566,9,13,5,1803.647619770757,1803.647619770757,1
567,9,13,14,778.493619881851,778.493619881851,1
568,9,14,5,497.887010930896,497.887010930896,1
569,9,14,13,778.4936198818511,778.4936198818511,1
570,9,14,18,799.9605860032295,799.9605860032295,1
571,9,15,6,439.87964358447965,439.87964358447965,1
572,9,15,18,588.177637741222,588.177637741222,1
573,9,16,6,1406.2837016266285,1406.2837016266285,1
574,9,17,4,1623.5407802586808,1623.5407802586808,1
575,9,17,6,1083.9296785605698,1083.9296785605698,1
576,9,18,5,18.661838067125696,18.661838067125696,1
577,9,18,6,1137.345297944851,1137.345297944851,1
578,9,18,14,799.9605860032295,799.9605860032295,1
579,9,18,15,588.177637741222,588.177637741222,1
