,OBJECTID1,OBJECTID2,Distance
0,458367.0,465724,0.0
1,458367.0,597183,0.0
2,458367.0,597195,0.0
3,458367.0,597383,0.0
0,464474.0,466354,0.0
1,464474.0,502155,0.0
2,464474.0,597247,0.0
0,464486.0,473652,0.0
1,464486.0,473668,0.0
2,464486.0,502091,0.0
3,464486.0,511567,0.0
0,464494.0,465667,0.0
1,464494.0,473652,0.0
2,464494.0,502195,0.0
0,464503.0,473668,0.0
0,464507.0,473652,0.0
1,464507.0,502195,0.0
0,464526.0,473652,0.0
1,464526.0,473668,0.0
2,464526.0,502195,0.0
3,464526.0,511567,0.0
0,464565.0,465683,0.0
1,464565.0,465686,0.0
2,464565.0,466356,0.0
3,464565.0,466361,0.0
4,464565.0,466742,0.0
5,464565.0,473669,0.0
6,464565.0,473682,0.0
7,464565.0,488044,0.0
8,464565.0,488051,0.0
0,464606.0,465687,0.0
1,464606.0,466362,0.0
2,464606.0,473689,0.0
3,464606.0,473696,0.0
4,464606.0,473713,0.0
5,464606.0,493448,0.0
6,464606.0,502358,0.0
7,464606.0,597247,0.0
0,464613.0,466754,0.0
1,464613.0,502358,0.0
0,464627.0,465694,0.0
1,464627.0,466358,0.0
2,464627.0,466748,0.0
3,464627.0,473698,0.0
4,464627.0,481777,0.0
5,464627.0,481850,0.0
6,464627.0,502305,0.0
7,464627.0,597365,0.0
0,464631.0,473756,0.0
1,464631.0,502358,0.0
0,464634.0,465703,0.0
1,464634.0,466758,0.0
2,464634.0,473742,0.0
3,464634.0,597227,0.0
0,464660.0,473696,0.0
1,464660.0,473756,0.0
2,464660.0,502358,0.0
3,464660.0,597247,0.0
0,464676.0,481850,0.0
1,464676.0,502305,0.0
2,464676.0,597227,0.0
3,464676.0,597365,0.0
0,464678.0,465715,0.0
1,464678.0,465992,0.0
2,464678.0,473762,0.0
3,464678.0,493461,0.0
4,464678.0,502329,0.0
5,464678.0,597197,0.0
0,464680.0,465721,0.0
1,464680.0,597227,0.0
0,464689.0,597365,0.0
0,464702.0,465734,0.0
1,464702.0,473762,0.0
2,464702.0,473775,0.0
3,464702.0,488123,0.0
4,464702.0,493461,0.0
0,464727.0,465736,0.0
1,464727.0,465934,0.0
0,464729.0,466772,0.0
1,464729.0,473779,0.0
2,464729.0,481904,0.0
3,464729.0,597227,0.0
4,464729.0,597365,0.0
0,464736.0,465993,0.0
1,464736.0,597227,0.0
0,464747.0,465934,0.0
1,464747.0,466770,0.0
2,464747.0,597188,0.0
3,464747.0,597383,0.0
0,464759.0,473838,0.0
1,464759.0,488144,0.0
2,464759.0,502374,0.0
3,464759.0,502395,0.0
4,464759.0,597227,0.0
0,465648.0,465927,0.0
1,465648.0,597183,0.0
0,465650.0,465927,0.0
1,465650.0,597183,0.0
0,465657.0,597183,0.0
0,465660.0,597183,0.0
0,465667.0,464494,0.0
1,465667.0,473652,0.0
2,465667.0,473669,0.0
3,465667.0,488044,0.0
4,465667.0,502113,0.0
5,465667.0,502195,0.0
6,465667.0,597183,0.0
0,465670.0,502155,0.0
1,465670.0,597182,0.0
0,465677.0,466741,0.0
1,465677.0,474518,0.0
2,465677.0,597182,0.0
3,465677.0,597247,0.0
0,465678.0,597183,0.0
0,465680.0,465930,0.0
1,465680.0,512674,0.0
2,465680.0,597183,0.0
3,465680.0,597383,0.0
0,465681.0,466360,0.0
1,465681.0,466738,0.0
2,465681.0,597182,0.0
3,465681.0,597383,0.0
0,465682.0,465929,0.0
1,465682.0,466349,0.0
2,465682.0,466353,0.0
3,465682.0,466357,0.0
4,465682.0,473668,0.0
5,465682.0,502195,0.0
6,465682.0,597183,0.0
0,465683.0,464565,0.0
1,465683.0,466742,0.0
2,465683.0,473669,0.0
3,465683.0,488059,0.0
4,465683.0,597183,0.0
0,465686.0,464565,0.0
1,465686.0,466356,0.0
2,465686.0,466361,0.0
3,465686.0,502229,0.0
0,465687.0,464606,0.0
1,465687.0,493448,0.0
2,465687.0,597247,0.0
0,465690.0,466745,0.0
1,465690.0,473699,0.0
2,465690.0,473711,0.0
3,465690.0,488077,0.0
4,465690.0,597183,0.0
0,465694.0,464627,0.0
1,465694.0,466358,0.0
2,465694.0,502305,0.0
3,465694.0,597183,0.0
0,465696.0,465934,0.0
1,465696.0,481772,0.0
2,465696.0,511584,0.0
3,465696.0,512692,0.0
4,465696.0,597182,0.0
5,465696.0,597383,0.0
0,465697.0,465992,0.0
1,465697.0,597183,0.0
0,465698.0,473732,0.0
1,465698.0,488090,0.0
2,465698.0,493449,0.0
3,465698.0,502358,0.0
4,465698.0,597182,0.0
0,465700.0,466356,0.0
1,465700.0,473682,0.0
2,465700.0,488078,0.0
3,465700.0,502229,0.0
4,465700.0,597183,0.0
0,465703.0,464634,0.0
1,465703.0,466268,0.0
2,465703.0,473742,0.0
3,465703.0,502305,0.0
4,465703.0,597183,0.0
5,465703.0,597227,0.0
0,465706.0,466366,0.0
1,465706.0,481814,0.0
2,465706.0,502261,0.0
3,465706.0,502275,0.0
4,465706.0,597227,0.0
0,465709.0,465932,0.0
1,465709.0,466757,0.0
2,465709.0,473727,0.0
3,465709.0,488092,0.0
4,465709.0,597183,0.0
0,465711.0,466368,0.0
1,465711.0,597183,0.0
0,465713.0,597182,0.0
0,465714.0,466758,0.0
1,465714.0,597227,0.0
0,465715.0,464678,0.0
1,465715.0,465931,0.0
2,465715.0,465992,0.0
3,465715.0,466757,0.0
4,465715.0,473711,0.0
5,465715.0,473727,0.0
6,465715.0,488059,0.0
7,465715.0,488092,0.0
8,465715.0,597183,0.0
9,465715.0,597197,0.0
0,465716.0,511597,0.0
1,465716.0,597183,0.0
2,465716.0,597383,0.0
0,465717.0,465934,0.0
1,465717.0,466763,0.0
2,465717.0,597182,0.0
0,465720.0,465934,0.0
1,465720.0,466763,0.0
2,465720.0,597182,0.0
0,465721.0,464680,0.0
1,465721.0,597227,0.0
0,465722.0,597183,0.0
0,465724.0,458367,0.0
1,465724.0,597183,0.0
2,465724.0,597383,0.0
0,465726.0,488144,0.0
1,465726.0,512710,0.0
2,465726.0,597227,0.0
0,465728.0,597183,0.0
1,465728.0,597197,0.0
0,465730.0,473824,0.0
1,465730.0,473836,0.0
2,465730.0,473839,0.0
3,465730.0,481885,0.0
4,465730.0,502358,0.0
5,465730.0,597182,0.0
0,465731.0,597183,0.0
0,465734.0,464702,0.0
1,465734.0,465992,0.0
2,465734.0,466370,0.0
3,465734.0,466371,0.0
4,465734.0,473762,0.0
5,465734.0,488123,0.0
6,465734.0,597183,0.0
7,465734.0,597197,0.0
0,465735.0,512716,0.0
1,465735.0,597182,0.0
0,465736.0,464727,0.0
1,465736.0,465934,0.0
2,465736.0,466369,0.0
3,465736.0,466372,0.0
4,465736.0,466768,0.0
5,465736.0,466771,0.0
6,465736.0,597182,0.0
0,465738.0,466774,0.0
1,465738.0,473839,0.0
2,465738.0,597182,0.0
3,465738.0,597301,0.0
0,465927.0,465648,0.0
1,465927.0,465650,0.0
2,465927.0,597183,0.0
0,465929.0,465682,0.0
1,465929.0,466357,0.0
2,465929.0,473668,0.0
3,465929.0,473698,0.0
4,465929.0,502143,0.0
5,465929.0,596779,0.0
6,465929.0,597183,0.0
7,465929.0,597365,0.0
0,465930.0,465680,0.0
1,465930.0,597183,0.0
2,465930.0,597383,0.0
0,465931.0,465715,0.0
1,465931.0,473727,0.0
2,465931.0,488092,0.0
0,465932.0,465709,0.0
1,465932.0,597183,0.0
0,465934.0,464727,0.0
1,465934.0,464747,0.0
2,465934.0,465696,0.0
3,465934.0,465717,0.0
4,465934.0,465720,0.0
5,465934.0,465736,0.0
6,465934.0,466763,0.0
7,465934.0,466770,0.0
8,465934.0,466771,0.0
9,465934.0,597182,0.0
10,465934.0,597188,0.0
11,465934.0,597383,0.0
0,465940.0,511597,0.0
1,465940.0,597183,0.0
2,465940.0,597383,0.0
0,465992.0,464678,0.0
1,465992.0,465697,0.0
2,465992.0,465715,0.0
3,465992.0,465734,0.0
4,465992.0,466750,0.0
5,465992.0,473699,0.0
6,465992.0,473711,0.0
7,465992.0,473762,0.0
8,465992.0,488077,0.0
9,465992.0,597183,0.0
0,465993.0,464736,0.0
1,465993.0,466772,0.0
2,465993.0,597227,0.0
0,466268.0,465703,0.0
1,466268.0,597183,0.0
2,466268.0,597227,0.0
0,466343.0,473669,0.0
1,466343.0,597183,0.0
0,466344.0,512674,0.0
1,466344.0,597183,0.0
0,466345.0,597183,0.0
0,466346.0,597183,0.0
0,466347.0,597183,0.0
0,466348.0,597182,0.0
0,466349.0,465682,0.0
1,466349.0,473668,0.0
0,466350.0,597182,0.0
0,466351.0,466738,0.0
1,466351.0,512681,0.0
2,466351.0,597383,0.0
0,466352.0,473669,0.0
1,466352.0,597183,0.0
0,466353.0,465682,0.0
1,466353.0,502195,0.0
2,466353.0,597183,0.0
0,466354.0,464474,0.0
1,466354.0,502155,0.0
2,466354.0,597182,0.0
3,466354.0,597247,0.0
0,466355.0,597183,0.0
0,466356.0,464565,0.0
1,466356.0,465686,0.0
2,466356.0,465700,0.0
3,466356.0,473682,0.0
4,466356.0,488051,0.0
5,466356.0,502229,0.0
0,466357.0,465682,0.0
1,466357.0,465929,0.0
2,466357.0,597183,0.0
0,466358.0,464627,0.0
1,466358.0,465694,0.0
2,466358.0,473698,0.0
3,466358.0,597183,0.0
0,466359.0,466741,0.0
1,466359.0,597182,0.0
2,466359.0,597247,0.0
0,466360.0,465681,0.0
1,466360.0,473701,0.0
2,466360.0,597182,0.0
3,466360.0,597383,0.0
0,466361.0,464565,0.0
1,466361.0,465686,0.0
2,466361.0,466742,0.0
3,466361.0,488059,0.0
4,466361.0,488078,0.0
5,466361.0,502229,0.0
6,466361.0,597183,0.0
0,466362.0,464606,0.0
1,466362.0,473689,0.0
2,466362.0,473696,0.0
3,466362.0,597247,0.0
0,466364.0,597183,0.0
0,466366.0,465706,0.0
1,466366.0,502261,0.0
2,466366.0,597183,0.0
3,466366.0,597227,0.0
0,466367.0,597183,0.0
0,466368.0,465711,0.0
1,466368.0,597183,0.0
0,466369.0,465736,0.0
1,466369.0,597182,0.0
0,466370.0,465734,0.0
1,466370.0,597183,0.0
2,466370.0,597286,0.0
0,466371.0,465734,0.0
1,466371.0,597183,0.0
0,466372.0,465736,0.0
1,466372.0,466768,0.0
2,466372.0,597182,0.0
0,466373.0,466774,0.0
1,466373.0,473839,0.0
2,466373.0,597182,0.0
0,466374.0,597183,0.0
0,466375.0,597183,0.0
0,466376.0,597183,0.0
0,466377.0,597182,0.0
0,466735.0,488008,0.0
1,466735.0,512677,0.0
2,466735.0,597182,0.0
3,466735.0,597383,0.0
0,466738.0,465681,0.0
1,466738.0,466351,0.0
2,466738.0,512681,0.0
3,466738.0,597182,0.0
4,466738.0,597383,0.0
0,466741.0,465677,0.0
1,466741.0,466359,0.0
2,466741.0,597182,0.0
3,466741.0,597247,0.0
0,466742.0,464565,0.0
1,466742.0,465683,0.0
2,466742.0,466361,0.0
3,466742.0,488059,0.0
0,466745.0,465690,0.0
1,466745.0,473711,0.0
2,466745.0,597183,0.0
0,466748.0,464627,0.0
1,466748.0,481777,0.0
0,466749.0,493448,0.0
1,466749.0,597182,0.0
2,466749.0,597247,0.0
0,466750.0,465992,0.0
1,466750.0,597183,0.0
0,466751.0,502358,0.0
1,466751.0,597182,0.0
0,466754.0,464613,0.0
1,466754.0,502358,0.0
2,466754.0,597182,0.0
0,466757.0,465709,0.0
1,466757.0,465715,0.0
2,466757.0,473727,0.0
3,466757.0,597183,0.0
0,466758.0,464634,0.0
1,466758.0,465714,0.0
2,466758.0,473742,0.0
3,466758.0,502305,0.0
4,466758.0,597227,0.0
0,466759.0,502358,0.0
1,466759.0,597182,0.0
0,466763.0,465717,0.0
1,466763.0,465720,0.0
2,466763.0,465934,0.0
3,466763.0,597182,0.0
0,466764.0,481885,0.0
1,466764.0,502358,0.0
0,466768.0,465736,0.0
1,466768.0,466372,0.0
0,466769.0,597183,0.0
0,466770.0,464747,0.0
1,466770.0,465934,0.0
2,466770.0,512714,0.0
3,466770.0,597188,0.0
0,466771.0,465736,0.0
1,466771.0,465934,0.0
2,466771.0,512716,0.0
3,466771.0,597182,0.0
0,466772.0,464729,0.0
1,466772.0,465993,0.0
2,466772.0,481904,0.0
3,466772.0,597187,0.0
4,466772.0,597227,0.0
5,466772.0,597365,0.0
0,466773.0,488144,0.0
1,466773.0,502360,0.0
2,466773.0,502395,0.0
3,466773.0,502406,0.0
4,466773.0,597177,0.0
5,466773.0,597227,0.0
0,466774.0,465738,0.0
1,466774.0,466373,0.0
2,466774.0,473839,0.0
3,466774.0,597182,0.0
0,466775.0,597177,0.0
1,466775.0,597184,0.0
2,466775.0,597227,0.0
3,466775.0,597360,0.0
0,466776.0,597198,0.0
1,466776.0,597338,0.0
0,473652.0,464486,0.0
1,473652.0,464494,0.0
2,473652.0,464507,0.0
3,473652.0,464526,0.0
4,473652.0,465667,0.0
5,473652.0,502091,0.0
6,473652.0,502113,0.0
7,473652.0,502195,0.0
8,473652.0,511567,0.0
9,473652.0,597183,0.0
0,473668.0,464486,0.0
1,473668.0,464503,0.0
2,473668.0,464526,0.0
3,473668.0,465682,0.0
4,473668.0,465929,0.0
5,473668.0,466349,0.0
6,473668.0,502091,0.0
7,473668.0,502195,0.0
8,473668.0,511567,0.0
9,473668.0,597183,0.0
0,473669.0,464565,0.0
1,473669.0,465667,0.0
2,473669.0,465683,0.0
3,473669.0,466343,0.0
4,473669.0,466352,0.0
5,473669.0,488044,0.0
6,473669.0,597183,0.0
0,473682.0,464565,0.0
1,473682.0,465700,0.0
2,473682.0,466356,0.0
3,473682.0,488044,0.0
4,473682.0,488051,0.0
5,473682.0,502195,0.0
6,473682.0,597183,0.0
0,473689.0,464606,0.0
1,473689.0,466362,0.0
0,473696.0,464606,0.0
1,473696.0,464660,0.0
2,473696.0,466362,0.0
3,473696.0,502358,0.0
0,473698.0,464627,0.0
1,473698.0,465929,0.0
2,473698.0,466358,0.0
3,473698.0,502143,0.0
4,473698.0,597183,0.0
5,473698.0,597365,0.0
0,473699.0,465690,0.0
1,473699.0,465992,0.0
2,473699.0,488077,0.0
3,473699.0,597183,0.0
0,473701.0,466360,0.0
1,473701.0,511584,0.0
2,473701.0,597182,0.0
3,473701.0,597383,0.0
0,473711.0,465690,0.0
1,473711.0,465715,0.0
2,473711.0,465992,0.0
3,473711.0,466745,0.0
4,473711.0,488077,0.0
5,473711.0,597183,0.0
0,473713.0,464606,0.0
1,473713.0,493448,0.0
2,473713.0,502358,0.0
3,473713.0,597182,0.0
0,473727.0,465709,0.0
1,473727.0,465715,0.0
2,473727.0,465931,0.0
3,473727.0,466757,0.0
4,473727.0,488092,0.0
0,473732.0,465698,0.0
1,473732.0,488090,0.0
2,473732.0,493449,0.0
3,473732.0,502358,0.0
4,473732.0,597182,0.0
0,473742.0,464634,0.0
1,473742.0,465703,0.0
2,473742.0,466758,0.0
3,473742.0,502305,0.0
0,473756.0,464631,0.0
1,473756.0,464660,0.0
2,473756.0,502358,0.0
0,473762.0,464678,0.0
1,473762.0,464702,0.0
2,473762.0,465734,0.0
3,473762.0,465992,0.0
4,473762.0,493461,0.0
0,473775.0,464702,0.0
1,473775.0,488123,0.0
2,473775.0,493461,0.0
3,473775.0,502329,0.0
0,473779.0,464729,0.0
1,473779.0,597365,0.0
0,473824.0,465730,0.0
1,473824.0,597182,0.0
0,473836.0,465730,0.0
1,473836.0,502358,0.0
2,473836.0,502407,0.0
3,473836.0,597157,0.0
4,473836.0,597182,0.0
5,473836.0,597186,0.0
0,473838.0,464759,0.0
1,473838.0,502374,0.0
2,473838.0,502395,0.0
3,473838.0,597177,0.0
4,473838.0,597183,0.0
5,473838.0,597338,0.0
0,473839.0,465730,0.0
1,473839.0,465738,0.0
2,473839.0,466373,0.0
3,473839.0,466774,0.0
4,473839.0,481885,0.0
5,473839.0,502358,0.0
6,473839.0,597182,0.0
0,474518.0,465677,0.0
1,474518.0,597182,0.0
2,474518.0,597247,0.0
0,481643.0,502155,0.0
1,481643.0,597383,0.0
0,481762.0,597182,0.0
0,481772.0,465696,0.0
1,481772.0,511584,0.0
2,481772.0,512692,0.0
3,481772.0,597182,0.0
0,481777.0,464627,0.0
1,481777.0,466748,0.0
0,481814.0,465706,0.0
1,481814.0,502261,0.0
2,481814.0,502274,0.0
3,481814.0,502275,0.0
4,481814.0,597183,0.0
5,481814.0,597227,0.0
0,481850.0,464627,0.0
1,481850.0,464676,0.0
2,481850.0,502305,0.0
3,481850.0,597365,0.0
0,481885.0,465730,0.0
1,481885.0,466764,0.0
2,481885.0,473839,0.0
3,481885.0,502358,0.0
0,481904.0,464729,0.0
1,481904.0,466772,0.0
2,481904.0,597187,0.0
3,481904.0,597365,0.0
0,488008.0,466735,0.0
1,488008.0,597182,0.0
2,488008.0,597383,0.0
0,488040.0,597182,0.0
1,488040.0,597247,0.0
0,488044.0,464565,0.0
1,488044.0,465667,0.0
2,488044.0,473669,0.0
3,488044.0,473682,0.0
4,488044.0,502195,0.0
0,488051.0,464565,0.0
1,488051.0,466356,0.0
2,488051.0,473682,0.0
0,488059.0,465683,0.0
1,488059.0,465715,0.0
2,488059.0,466361,0.0
3,488059.0,466742,0.0
4,488059.0,597183,0.0
0,488077.0,465690,0.0
1,488077.0,465992,0.0
2,488077.0,473699,0.0
3,488077.0,473711,0.0
0,488078.0,465700,0.0
1,488078.0,466361,0.0
2,488078.0,502229,0.0
3,488078.0,597183,0.0
0,488090.0,465698,0.0
1,488090.0,473732,0.0
2,488090.0,493449,0.0
3,488090.0,597182,0.0
0,488092.0,465709,0.0
1,488092.0,465715,0.0
2,488092.0,465931,0.0
3,488092.0,473727,0.0
4,488092.0,597183,0.0
0,488123.0,464702,0.0
1,488123.0,465734,0.0
2,488123.0,473775,0.0
3,488123.0,502329,0.0
4,488123.0,597197,0.0
0,488144.0,464759,0.0
1,488144.0,465726,0.0
2,488144.0,466773,0.0
3,488144.0,502395,0.0
4,488144.0,597227,0.0
0,493448.0,464606,0.0
1,493448.0,465687,0.0
2,493448.0,466749,0.0
3,493448.0,473713,0.0
4,493448.0,597182,0.0
5,493448.0,597247,0.0
0,493449.0,465698,0.0
1,493449.0,473732,0.0
2,493449.0,488090,0.0
0,493461.0,464678,0.0
1,493461.0,464702,0.0
2,493461.0,473762,0.0
3,493461.0,473775,0.0
4,493461.0,502329,0.0
0,502091.0,464486,0.0
1,502091.0,473652,0.0
2,502091.0,473668,0.0
3,502091.0,597183,0.0
0,502113.0,465667,0.0
1,502113.0,473652,0.0
2,502113.0,597183,0.0
0,502143.0,465929,0.0
1,502143.0,473698,0.0
0,502155.0,464474,0.0
1,502155.0,465670,0.0
2,502155.0,466354,0.0
3,502155.0,481643,0.0
4,502155.0,509026,0.0
5,502155.0,509033,0.0
6,502155.0,511566,0.0
7,502155.0,597182,0.0
8,502155.0,597247,0.0
9,502155.0,597383,0.0
0,502195.0,464494,0.0
1,502195.0,464507,0.0
2,502195.0,464526,0.0
3,502195.0,465667,0.0
4,502195.0,465682,0.0
5,502195.0,466353,0.0
6,502195.0,473652,0.0
7,502195.0,473668,0.0
8,502195.0,473682,0.0
9,502195.0,488044,0.0
10,502195.0,597183,0.0
0,502229.0,465686,0.0
1,502229.0,465700,0.0
2,502229.0,466356,0.0
3,502229.0,466361,0.0
4,502229.0,488078,0.0
0,502261.0,465706,0.0
1,502261.0,466366,0.0
2,502261.0,481814,0.0
3,502261.0,597183,0.0
0,502274.0,481814,0.0
1,502274.0,597183,0.0
2,502274.0,597227,0.0
0,502275.0,465706,0.0
1,502275.0,481814,0.0
2,502275.0,597227,0.0
0,502305.0,464627,0.0
1,502305.0,464676,0.0
2,502305.0,465694,0.0
3,502305.0,465703,0.0
4,502305.0,466758,0.0
5,502305.0,473742,0.0
6,502305.0,481850,0.0
7,502305.0,597183,0.0
8,502305.0,597227,0.0
0,502312.0,597183,0.0
1,502312.0,597227,0.0
0,502329.0,464678,0.0
1,502329.0,473775,0.0
2,502329.0,488123,0.0
3,502329.0,493461,0.0
4,502329.0,597197,0.0
0,502358.0,464606,0.0
1,502358.0,464613,0.0
2,502358.0,464631,0.0
3,502358.0,464660,0.0
4,502358.0,465698,0.0
5,502358.0,465730,0.0
6,502358.0,466751,0.0
7,502358.0,466754,0.0
8,502358.0,466759,0.0
9,502358.0,466764,0.0
10,502358.0,473696,0.0
11,502358.0,473713,0.0
12,502358.0,473732,0.0
13,502358.0,473756,0.0
14,502358.0,473836,0.0
15,502358.0,473839,0.0
16,502358.0,481885,0.0
17,502358.0,511596,0.0
18,502358.0,597182,0.0
0,502360.0,466773,0.0
1,502360.0,597227,0.0
0,502374.0,464759,0.0
1,502374.0,473838,0.0
2,502374.0,597183,0.0
3,502374.0,597227,0.0
0,502395.0,464759,0.0
1,502395.0,466773,0.0
2,502395.0,473838,0.0
3,502395.0,488144,0.0
4,502395.0,597177,0.0
0,502406.0,466773,0.0
1,502406.0,597177,0.0
2,502406.0,597227,0.0
0,502407.0,473836,0.0
1,502407.0,597157,0.0
2,502407.0,597186,0.0
0,509026.0,502155,0.0
0,509033.0,502155,0.0
1,509033.0,511562,0.0
2,509033.0,597182,0.0
0,511562.0,509033,0.0
0,511566.0,502155,0.0
1,511566.0,597182,0.0
0,511567.0,464486,0.0
1,511567.0,464526,0.0
2,511567.0,473652,0.0
3,511567.0,473668,0.0
0,511584.0,465696,0.0
1,511584.0,473701,0.0
2,511584.0,481772,0.0
3,511584.0,597182,0.0
4,511584.0,597383,0.0
0,511596.0,502358,0.0
0,511597.0,465716,0.0
1,511597.0,465940,0.0
2,511597.0,597183,0.0
3,511597.0,597383,0.0
0,512674.0,465680,0.0
1,512674.0,466344,0.0
2,512674.0,597183,0.0
0,512677.0,466735,0.0
1,512677.0,597182,0.0
2,512677.0,597383,0.0
0,512681.0,466351,0.0
1,512681.0,466738,0.0
2,512681.0,597182,0.0
3,512681.0,597383,0.0
0,512692.0,465696,0.0
1,512692.0,481772,0.0
2,512692.0,597182,0.0
0,512710.0,465726,0.0
1,512710.0,597227,0.0
0,512714.0,466770,0.0
0,512716.0,465735,0.0
1,512716.0,466771,0.0
2,512716.0,597182,0.0
0,536149.0,597183,0.0
0,536151.0,548928,0.0
1,536151.0,597183,0.0
0,536152.0,545116,0.0
1,536152.0,548529,0.0
2,536152.0,597183,0.0
3,536152.0,597383,0.0
0,536153.0,548913,0.0
1,536153.0,597182,0.0
0,536154.0,536543,0.0
0,536156.0,545095,0.0
1,536156.0,545109,0.0
2,536156.0,545110,0.0
3,536156.0,545116,0.0
4,536156.0,545135,0.0
5,536156.0,547345,0.0
6,536156.0,547352,0.0
7,536156.0,547353,0.0
8,536156.0,548525,0.0
9,536156.0,548531,0.0
10,536156.0,548532,0.0
11,536156.0,548533,0.0
12,536156.0,548545,0.0
13,536156.0,548919,0.0
14,536156.0,597183,0.0
15,536156.0,597383,0.0
0,536157.0,548562,0.0
1,536157.0,597183,0.0
0,536159.0,545189,0.0
1,536159.0,597183,0.0
2,536159.0,597383,0.0
0,536160.0,536639,0.0
1,536160.0,536687,0.0
2,536160.0,547362,0.0
3,536160.0,548560,0.0
4,536160.0,548945,0.0
5,536160.0,597383,0.0
0,536161.0,536543,0.0
1,536161.0,536667,0.0
2,536161.0,536669,0.0
3,536161.0,536687,0.0
4,536161.0,536749,0.0
5,536161.0,545106,0.0
6,536161.0,545107,0.0
7,536161.0,545119,0.0
8,536161.0,545130,0.0
9,536161.0,545196,0.0
10,536161.0,547354,0.0
11,536161.0,547358,0.0
12,536161.0,547362,0.0
13,536161.0,547363,0.0
14,536161.0,547365,0.0
15,536161.0,547367,0.0
16,536161.0,547377,0.0
17,536161.0,548530,0.0
18,536161.0,548542,0.0
19,536161.0,548543,0.0
20,536161.0,548549,0.0
21,536161.0,548551,0.0
22,536161.0,548556,0.0
23,536161.0,548560,0.0
24,536161.0,548916,0.0
25,536161.0,548932,0.0
26,536161.0,597182,0.0
27,536161.0,597383,0.0
0,536162.0,548574,0.0
1,536162.0,597183,0.0
0,536163.0,536757,0.0
1,536163.0,537301,0.0
2,536163.0,545181,0.0
3,536163.0,545196,0.0
4,536163.0,545225,0.0
5,536163.0,547365,0.0
0,536164.0,536773,0.0
1,536164.0,536827,0.0
2,536164.0,545235,0.0
3,536164.0,597383,0.0
0,536166.0,537301,0.0
1,536166.0,545212,0.0
0,536368.0,597227,0.0
1,536368.0,597360,0.0
0,536392.0,545090,0.0
1,536392.0,548908,0.0
2,536392.0,597357,0.0
0,536415.0,545101,0.0
1,536415.0,580741,0.0
0,536465.0,545092,0.0
1,536465.0,547344,0.0
2,536465.0,547350,0.0
3,536465.0,558444,0.0
4,536465.0,580774,0.0
0,536490.0,545092,0.0
1,536490.0,548918,0.0
2,536490.0,548928,0.0
3,536490.0,558444,0.0
4,536490.0,558456,0.0
5,536490.0,580774,0.0
6,536490.0,596779,0.0
7,536490.0,597360,0.0
0,536496.0,548928,0.0
1,536496.0,568223,0.0
2,536496.0,596779,0.0
0,536543.0,536154,0.0
1,536543.0,536161,0.0
2,536543.0,545108,0.0
3,536543.0,548560,0.0
4,536543.0,548932,0.0
5,536543.0,597383,0.0
0,536597.0,550245,0.0
1,536597.0,581011,0.0
0,536599.0,558618,0.0
1,536599.0,568223,0.0
2,536599.0,581100,0.0
3,536599.0,596779,0.0
0,536625.0,548564,0.0
1,536625.0,550200,0.0
2,536625.0,550245,0.0
3,536625.0,568243,0.0
0,536639.0,536160,0.0
1,536639.0,548560,0.0
2,536639.0,548945,0.0
0,536660.0,548938,0.0
1,536660.0,558618,0.0
2,536660.0,581100,0.0
3,536660.0,596779,0.0
0,536667.0,536161,0.0
1,536667.0,547367,0.0
0,536669.0,536161,0.0
1,536669.0,545196,0.0
2,536669.0,547377,0.0
0,536675.0,550245,0.0
1,536675.0,558685,0.0
0,536687.0,536160,0.0
1,536687.0,536161,0.0
2,536687.0,547362,0.0
3,536687.0,597383,0.0
0,536749.0,536161,0.0
1,536749.0,545187,0.0
2,536749.0,545200,0.0
3,536749.0,547367,0.0
4,536749.0,547377,0.0
5,536749.0,548570,0.0
6,536749.0,597383,0.0
0,536757.0,536163,0.0
1,536757.0,545181,0.0
2,536757.0,545225,0.0
3,536757.0,548569,0.0
4,536757.0,548955,0.0
0,536763.0,547946,0.0
1,536763.0,550299,0.0
2,536763.0,581151,0.0
0,536773.0,536164,0.0
1,536773.0,545235,0.0
2,536773.0,597383,0.0
0,536795.0,548964,0.0
1,536795.0,550283,0.0
2,536795.0,568332,0.0
3,536795.0,568374,0.0
4,536795.0,581100,0.0
0,536827.0,536164,0.0
1,536827.0,545185,0.0
2,536827.0,545189,0.0
3,536827.0,545199,0.0
4,536827.0,545208,0.0
5,536827.0,545235,0.0
6,536827.0,547374,0.0
7,536827.0,547787,0.0
8,536827.0,548972,0.0
9,536827.0,548973,0.0
10,536827.0,597383,0.0
0,536849.0,545235,0.0
1,536849.0,548581,0.0
2,536849.0,548982,0.0
3,536849.0,597383,0.0
0,536876.0,547866,0.0
1,536876.0,548984,0.0
2,536876.0,568421,0.0
3,536876.0,594388,0.0
0,536937.0,537301,0.0
1,536937.0,547866,0.0
2,536937.0,550396,0.0
3,536937.0,558861,0.0
4,536937.0,568421,0.0
0,536942.0,547868,0.0
1,536942.0,548423,0.0
2,536942.0,550404,0.0
0,537017.0,545256,0.0
1,537017.0,547961,0.0
2,537017.0,558967,0.0
3,537017.0,581308,0.0
0,537034.0,545291,0.0
1,537034.0,547399,0.0
2,537034.0,547868,0.0
3,537034.0,550436,0.0
0,537101.0,545323,0.0
1,537101.0,558999,0.0
2,537101.0,568483,0.0
3,537101.0,581538,0.0
0,537111.0,545256,0.0
1,537111.0,568374,0.0
2,537111.0,581308,0.0
3,537111.0,597383,0.0
0,537158.0,545288,0.0
1,537158.0,545320,0.0
2,537158.0,547868,0.0
3,537158.0,550454,0.0
4,537158.0,550762,0.0
5,537158.0,558923,0.0
6,537158.0,576246,0.0
0,537175.0,550567,0.0
0,537194.0,550762,0.0
0,537195.0,549022,0.0
1,537195.0,550762,0.0
2,537195.0,558118,0.0
3,537195.0,581538,0.0
0,537215.0,548290,0.0
1,537215.0,550762,0.0
0,537222.0,550762,0.0
0,537243.0,548291,0.0
1,537243.0,550762,0.0
0,537254.0,550628,0.0
1,537254.0,581538,0.0
0,537271.0,550567,0.0
1,537271.0,576239,0.0
2,537271.0,597383,0.0
0,537301.0,536163,0.0
1,537301.0,536166,0.0
2,537301.0,536937,0.0
3,537301.0,545175,0.0
4,537301.0,545196,0.0
5,537301.0,545205,0.0
6,537301.0,545212,0.0
7,537301.0,545219,0.0
8,537301.0,545225,0.0
9,537301.0,545227,0.0
10,537301.0,545228,0.0
11,537301.0,545231,0.0
12,537301.0,545233,0.0
13,537301.0,545237,0.0
14,537301.0,545241,0.0
15,537301.0,545242,0.0
16,537301.0,545243,0.0
17,537301.0,545247,0.0
18,537301.0,545253,0.0
19,537301.0,545255,0.0
20,537301.0,545259,0.0
21,537301.0,545277,0.0
22,537301.0,545281,0.0
23,537301.0,545290,0.0
24,537301.0,545294,0.0
25,537301.0,545298,0.0
26,537301.0,545306,0.0
27,537301.0,545314,0.0
28,537301.0,545323,0.0
29,537301.0,545328,0.0
30,537301.0,545336,0.0
31,537301.0,545340,0.0
32,537301.0,545349,0.0
33,537301.0,545352,0.0
34,537301.0,547377,0.0
35,537301.0,547384,0.0
36,537301.0,547389,0.0
37,537301.0,547391,0.0
38,537301.0,547403,0.0
39,537301.0,547955,0.0
40,537301.0,548424,0.0
41,537301.0,548580,0.0
42,537301.0,548584,0.0
43,537301.0,548585,0.0
44,537301.0,548587,0.0
45,537301.0,548588,0.0
46,537301.0,548591,0.0
47,537301.0,548593,0.0
48,537301.0,548595,0.0
49,537301.0,548596,0.0
50,537301.0,548597,0.0
51,537301.0,548966,0.0
52,537301.0,548984,0.0
53,537301.0,548991,0.0
54,537301.0,548993,0.0
55,537301.0,548994,0.0
56,537301.0,549003,0.0
57,537301.0,549007,0.0
58,537301.0,549008,0.0
59,537301.0,550396,0.0
60,537301.0,550446,0.0
61,537301.0,550502,0.0
62,537301.0,550504,0.0
63,537301.0,550567,0.0
64,537301.0,550592,0.0
65,537301.0,550762,0.0
66,537301.0,558104,0.0
67,537301.0,558112,0.0
68,537301.0,558114,0.0
69,537301.0,558115,0.0
70,537301.0,558118,0.0
71,537301.0,558786,0.0
72,537301.0,558896,0.0
73,537301.0,558989,0.0
74,537301.0,568335,0.0
75,537301.0,568366,0.0
76,537301.0,568418,0.0
77,537301.0,568421,0.0
78,537301.0,568422,0.0
79,537301.0,568426,0.0
80,537301.0,568441,0.0
81,537301.0,568446,0.0
82,537301.0,568451,0.0
83,537301.0,568479,0.0
84,537301.0,568483,0.0
85,537301.0,568493,0.0
86,537301.0,568501,0.0
87,537301.0,568504,0.0
88,537301.0,568508,0.0
89,537301.0,568514,0.0
90,537301.0,568523,0.0
91,537301.0,568549,0.0
92,537301.0,576239,0.0
93,537301.0,576243,0.0
94,537301.0,576248,0.0
95,537301.0,581393,0.0
96,537301.0,581400,0.0
97,537301.0,581427,0.0
98,537301.0,581538,0.0
99,537301.0,594388,0.0
100,537301.0,595920,0.0
101,537301.0,595950,0.0
102,537301.0,597383,0.0
0,537318.0,545383,0.0
1,537318.0,549022,0.0
2,537318.0,550628,0.0
3,537318.0,550762,0.0
0,545079.0,547341,0.0
1,545079.0,597182,0.0
0,545081.0,597183,0.0
0,545082.0,580722,0.0
1,545082.0,597177,0.0
2,545082.0,597183,0.0
3,545082.0,597196,0.0
4,545082.0,597198,0.0
5,545082.0,597208,0.0
0,545084.0,548524,0.0
1,545084.0,597182,0.0
0,545085.0,597182,0.0
0,545087.0,548524,0.0
1,545087.0,597182,0.0
0,545088.0,594319,0.0
1,545088.0,597360,0.0
0,545090.0,536392,0.0
1,545090.0,547346,0.0
2,545090.0,547858,0.0
3,545090.0,548523,0.0
4,545090.0,548900,0.0
5,545090.0,548908,0.0
6,545090.0,558397,0.0
7,545090.0,580741,0.0
8,545090.0,597182,0.0
9,545090.0,597357,0.0
0,545091.0,548530,0.0
1,545091.0,597182,0.0
0,545092.0,536465,0.0
1,545092.0,536490,0.0
2,545092.0,547350,0.0
3,545092.0,558444,0.0
4,545092.0,580774,0.0
0,545093.0,547347,0.0
1,545093.0,548928,0.0
2,545093.0,597360,0.0
0,545095.0,536156,0.0
1,545095.0,597183,0.0
0,545097.0,558550,0.0
1,545097.0,597182,0.0
0,545098.0,548536,0.0
1,545098.0,597182,0.0
0,545101.0,536415,0.0
1,545101.0,548527,0.0
2,545101.0,580741,0.0
3,545101.0,597182,0.0
0,545103.0,547352,0.0
1,545103.0,597383,0.0
0,545104.0,548911,0.0
1,545104.0,597182,0.0
0,545106.0,536161,0.0
1,545106.0,547354,0.0
2,545106.0,597383,0.0
0,545107.0,536161,0.0
1,545107.0,548530,0.0
0,545108.0,536543,0.0
1,545108.0,597383,0.0
0,545109.0,536156,0.0
1,545109.0,547352,0.0
0,545110.0,536156,0.0
1,545110.0,548531,0.0
2,545110.0,548533,0.0
0,545114.0,548535,0.0
1,545114.0,597182,0.0
0,545116.0,536152,0.0
1,545116.0,536156,0.0
2,545116.0,548529,0.0
3,545116.0,548919,0.0
4,545116.0,597183,0.0
5,545116.0,597383,0.0
0,545119.0,536161,0.0
1,545119.0,597182,0.0
0,545120.0,597182,0.0
0,545122.0,547356,0.0
1,545122.0,548536,0.0
2,545122.0,597182,0.0
0,545123.0,548535,0.0
1,545123.0,548540,0.0
2,545123.0,597182,0.0
0,545124.0,547357,0.0
1,545124.0,548928,0.0
2,545124.0,568223,0.0
3,545124.0,581100,0.0
4,545124.0,597183,0.0
0,545126.0,580814,0.0
1,545126.0,581011,0.0
2,545126.0,597182,0.0
0,545129.0,548548,0.0
1,545129.0,597182,0.0
0,545130.0,536161,0.0
1,545130.0,547358,0.0
2,545130.0,597182,0.0
0,545132.0,547357,0.0
1,545132.0,550180,0.0
2,545132.0,581100,0.0
0,545133.0,547356,0.0
1,545133.0,597182,0.0
0,545135.0,536156,0.0
1,545135.0,597383,0.0
0,545136.0,548935,0.0
1,545136.0,597182,0.0
0,545144.0,548550,0.0
1,545144.0,548940,0.0
2,545144.0,550196,0.0
3,545144.0,594345,0.0
4,545144.0,597182,0.0
0,545146.0,547365,0.0
1,545146.0,597182,0.0
0,545153.0,597183,0.0
0,545155.0,547365,0.0
1,545155.0,548559,0.0
2,545155.0,597182,0.0
0,545159.0,568294,0.0
1,545159.0,597182,0.0
0,545168.0,548566,0.0
1,545168.0,597182,0.0
0,545172.0,548567,0.0
1,545172.0,548951,0.0
2,545172.0,597183,0.0
0,545175.0,537301,0.0
1,545175.0,595920,0.0
2,545175.0,597383,0.0
0,545177.0,548567,0.0
1,545177.0,597183,0.0
0,545178.0,597182,0.0
0,545181.0,536163,0.0
1,545181.0,536757,0.0
2,545181.0,547365,0.0
3,545181.0,548569,0.0
0,545183.0,547374,0.0
1,545183.0,548948,0.0
2,545183.0,548962,0.0
3,545183.0,597183,0.0
4,545183.0,597383,0.0
0,545185.0,536827,0.0
0,545187.0,536749,0.0
1,545187.0,597383,0.0
0,545188.0,581037,0.0
1,545188.0,597182,0.0
0,545189.0,536159,0.0
1,545189.0,536827,0.0
2,545189.0,547374,0.0
3,545189.0,597183,0.0
4,545189.0,597383,0.0
0,545191.0,547369,0.0
1,545191.0,547946,0.0
2,545191.0,550269,0.0
3,545191.0,581045,0.0
0,545192.0,597182,0.0
0,545193.0,548282,0.0
1,545193.0,548573,0.0
2,545193.0,576143,0.0
3,545193.0,581037,0.0
4,545193.0,581042,0.0
5,545193.0,581045,0.0
6,545193.0,594362,0.0
7,545193.0,597182,0.0
0,545196.0,536161,0.0
1,545196.0,536163,0.0
2,545196.0,536669,0.0
3,545196.0,537301,0.0
4,545196.0,547365,0.0
5,545196.0,547377,0.0
6,545196.0,548966,0.0
0,545197.0,597182,0.0
0,545199.0,536827,0.0
1,545199.0,547374,0.0
0,545200.0,536749,0.0
1,545200.0,547377,0.0
2,545200.0,548570,0.0
3,545200.0,597383,0.0
0,545203.0,547374,0.0
1,545203.0,597383,0.0
0,545205.0,537301,0.0
1,545205.0,568335,0.0
2,545205.0,597383,0.0
0,545208.0,536827,0.0
1,545208.0,547374,0.0
2,545208.0,548972,0.0
0,545209.0,550302,0.0
1,545209.0,581151,0.0
2,545209.0,597182,0.0
0,545212.0,536166,0.0
1,545212.0,537301,0.0
0,545218.0,547371,0.0
1,545218.0,597182,0.0
0,545219.0,537301,0.0
1,545219.0,558786,0.0
0,545225.0,536163,0.0
1,545225.0,536757,0.0
2,545225.0,537301,0.0
3,545225.0,547365,0.0
4,545225.0,547371,0.0
5,545225.0,547866,0.0
6,545225.0,548569,0.0
7,545225.0,548580,0.0
8,545225.0,548955,0.0
9,545225.0,548984,0.0
10,545225.0,597182,0.0
0,545226.0,548583,0.0
1,545226.0,597182,0.0
0,545227.0,537301,0.0
1,545227.0,597383,0.0
0,545228.0,537301,0.0
1,545228.0,548984,0.0
0,545231.0,537301,0.0
0,545233.0,537301,0.0
1,545233.0,548984,0.0
0,545235.0,536164,0.0
1,545235.0,536773,0.0
2,545235.0,536827,0.0
3,545235.0,536849,0.0
4,545235.0,547787,0.0
5,545235.0,548581,0.0
6,545235.0,548975,0.0
7,545235.0,548982,0.0
8,545235.0,597383,0.0
0,545237.0,537301,0.0
1,545237.0,597383,0.0
0,545241.0,537301,0.0
1,545241.0,547384,0.0
0,545242.0,537301,0.0
1,545242.0,597383,0.0
0,545243.0,537301,0.0
0,545244.0,550404,0.0
1,545244.0,597182,0.0
0,545247.0,537301,0.0
1,545247.0,548984,0.0
2,545247.0,594388,0.0
0,545252.0,548423,0.0
1,545252.0,550404,0.0
0,545253.0,537301,0.0
1,545253.0,547389,0.0
2,545253.0,548424,0.0
3,545253.0,568422,0.0
4,545253.0,568426,0.0
0,545255.0,537301,0.0
0,545256.0,537017,0.0
1,545256.0,537111,0.0
2,545256.0,581308,0.0
3,545256.0,597383,0.0
0,545259.0,537301,0.0
1,545259.0,548588,0.0
2,545259.0,558896,0.0
3,545259.0,568421,0.0
0,545275.0,545281,0.0
1,545275.0,547381,0.0
2,545275.0,547399,0.0
3,545275.0,547866,0.0
4,545275.0,547868,0.0
5,545275.0,548422,0.0
6,545275.0,548579,0.0
7,545275.0,548583,0.0
8,545275.0,548981,0.0
9,545275.0,548988,0.0
10,545275.0,550404,0.0
11,545275.0,550436,0.0
12,545275.0,597182,0.0
0,545277.0,537301,0.0
1,545277.0,548994,0.0
0,545281.0,537301,0.0
1,545281.0,545275,0.0
2,545281.0,547866,0.0
3,545281.0,550396,0.0
4,545281.0,550436,0.0
5,545281.0,550762,0.0
6,545281.0,558861,0.0
7,545281.0,558923,0.0
0,545288.0,537158,0.0
1,545288.0,548425,0.0
2,545288.0,550436,0.0
3,545288.0,550454,0.0
4,545288.0,558923,0.0
0,545290.0,537301,0.0
0,545291.0,537034,0.0
1,545291.0,547868,0.0
2,545291.0,548425,0.0
3,545291.0,550436,0.0
0,545293.0,548990,0.0
1,545293.0,558912,0.0
2,545293.0,558936,0.0
3,545293.0,558939,0.0
4,545293.0,568464,0.0
5,545293.0,581308,0.0
0,545294.0,537301,0.0
1,545294.0,548991,0.0
2,545294.0,550446,0.0
0,545298.0,537301,0.0
0,545300.0,558939,0.0
1,545300.0,558958,0.0
2,545300.0,558967,0.0
3,545300.0,568464,0.0
4,545300.0,581308,0.0
5,545300.0,597383,0.0
0,545306.0,537301,0.0
1,545306.0,548591,0.0
2,545306.0,548593,0.0
0,545314.0,537301,0.0
0,545320.0,537158,0.0
1,545320.0,550762,0.0
0,545323.0,537101,0.0
1,545323.0,537301,0.0
2,545323.0,550504,0.0
3,545323.0,558112,0.0
4,545323.0,558115,0.0
5,545323.0,558999,0.0
6,545323.0,568483,0.0
0,545325.0,576248,0.0
1,545325.0,581538,0.0
0,545328.0,537301,0.0
1,545328.0,547403,0.0
2,545328.0,550567,0.0
3,545328.0,568493,0.0
4,545328.0,581400,0.0
0,545336.0,537301,0.0
1,545336.0,550504,0.0
2,545336.0,568514,0.0
0,545340.0,537301,0.0
1,545340.0,550567,0.0
2,545340.0,581400,0.0
3,545340.0,581427,0.0
0,545349.0,537301,0.0
1,545349.0,550567,0.0
2,545349.0,550592,0.0
3,545349.0,581427,0.0
4,545349.0,581483,0.0
0,545352.0,537301,0.0
1,545352.0,550762,0.0
0,545383.0,537318,0.0
1,545383.0,548431,0.0
2,545383.0,550762,0.0
0,547341.0,545079,0.0
1,547341.0,597182,0.0
2,547341.0,597188,0.0
0,547344.0,536465,0.0
1,547344.0,558444,0.0
2,547344.0,597181,0.0
0,547345.0,536156,0.0
1,547345.0,548525,0.0
2,547345.0,597183,0.0
0,547346.0,545090,0.0
1,547346.0,580741,0.0
0,547347.0,545093,0.0
1,547347.0,548928,0.0
2,547347.0,597360,0.0
0,547349.0,548909,0.0
1,547349.0,548913,0.0
2,547349.0,597182,0.0
0,547350.0,536465,0.0
1,547350.0,545092,0.0
2,547350.0,580774,0.0
0,547352.0,536156,0.0
1,547352.0,545103,0.0
2,547352.0,545109,0.0
3,547352.0,548532,0.0
4,547352.0,597183,0.0
5,547352.0,597195,0.0
6,547352.0,597383,0.0
0,547353.0,536156,0.0
1,547353.0,548531,0.0
0,547354.0,536161,0.0
1,547354.0,545106,0.0
2,547354.0,597182,0.0
3,547354.0,597383,0.0
0,547356.0,545122,0.0
1,547356.0,545133,0.0
2,547356.0,597182,0.0
0,547357.0,545124,0.0
1,547357.0,545132,0.0
2,547357.0,548539,0.0
3,547357.0,550180,0.0
4,547357.0,581100,0.0
5,547357.0,597183,0.0
0,547358.0,536161,0.0
1,547358.0,545130,0.0
2,547358.0,597182,0.0
0,547362.0,536160,0.0
1,547362.0,536161,0.0
2,547362.0,536687,0.0
3,547362.0,548560,0.0
0,547363.0,536161,0.0
0,547365.0,536161,0.0
1,547365.0,536163,0.0
2,547365.0,545146,0.0
3,547365.0,545155,0.0
4,547365.0,545181,0.0
5,547365.0,545196,0.0
6,547365.0,545225,0.0
7,547365.0,548569,0.0
8,547365.0,568249,0.0
9,547365.0,597182,0.0
0,547367.0,536161,0.0
1,547367.0,536667,0.0
2,547367.0,536749,0.0
3,547367.0,597383,0.0
0,547369.0,545191,0.0
1,547369.0,547946,0.0
2,547369.0,548421,0.0
3,547369.0,550269,0.0
4,547369.0,550299,0.0
5,547369.0,550302,0.0
6,547369.0,581151,0.0
7,547369.0,597182,0.0
0,547371.0,545218,0.0
1,547371.0,545225,0.0
2,547371.0,597182,0.0
0,547374.0,536827,0.0
1,547374.0,545183,0.0
2,547374.0,545189,0.0
3,547374.0,545199,0.0
4,547374.0,545203,0.0
5,547374.0,545208,0.0
6,547374.0,548962,0.0
7,547374.0,548972,0.0
8,547374.0,597183,0.0
9,547374.0,597383,0.0
0,547377.0,536161,0.0
1,547377.0,536669,0.0
2,547377.0,536749,0.0
3,547377.0,537301,0.0
4,547377.0,545196,0.0
5,547377.0,545200,0.0
6,547377.0,548570,0.0
7,547377.0,548966,0.0
8,547377.0,597383,0.0
0,547381.0,545275,0.0
1,547381.0,548579,1.7240939655616694
0,547384.0,537301,0.0
1,547384.0,545241,0.0
0,547389.0,537301,0.0
1,547389.0,545253,0.0
0,547391.0,537301,0.0
1,547391.0,548584,0.0
0,547394.0,581308,0.0
0,547399.0,537034,0.0
1,547399.0,545275,0.0
2,547399.0,547868,0.0
3,547399.0,550436,0.0
0,547403.0,537301,0.0
1,547403.0,545328,0.0
2,547403.0,550567,0.0
0,547407.0,547868,0.0
1,547407.0,550762,0.0
0,547787.0,536827,0.0
1,547787.0,545235,0.0
2,547787.0,548972,0.0
3,547787.0,548973,0.0
4,547787.0,548982,0.0
5,547787.0,597383,0.0
0,547858.0,545090,0.0
1,547858.0,558397,0.0
0,547866.0,536876,0.0
1,547866.0,536937,0.0
2,547866.0,545225,0.0
3,547866.0,545275,0.0
4,547866.0,545281,0.0
5,547866.0,548984,0.0
6,547866.0,550436,0.0
7,547866.0,558861,0.0
8,547866.0,568421,0.0
9,547866.0,597182,0.0
0,547868.0,536942,0.0
1,547868.0,537034,0.0
2,547868.0,537158,0.0
3,547868.0,545275,0.0
4,547868.0,545291,0.0
5,547868.0,547399,0.0
6,547868.0,547407,0.0
7,547868.0,548423,0.0
8,547868.0,548425,0.0
9,547868.0,550404,0.0
10,547868.0,550454,0.0
11,547868.0,550762,0.0
0,547944.0,550245,0.0
1,547944.0,550250,0.0
2,547944.0,558685,0.0
3,547944.0,581045,0.0
0,547946.0,536763,0.0
1,547946.0,545191,0.0
2,547946.0,547369,0.0
3,547946.0,550250,0.0
4,547946.0,550299,0.0
5,547946.0,581045,0.0
6,547946.0,581151,0.0
0,547955.0,537301,0.0
1,547955.0,548591,0.0
2,547955.0,568426,0.0
3,547955.0,594395,0.0
0,547961.0,537017,0.0
1,547961.0,558967,0.0
2,547961.0,581308,0.0
3,547961.0,595956,0.0
0,547969.0,550762,0.0
0,548282.0,545193,0.0
1,548282.0,550245,0.0
2,548282.0,576143,0.0
3,548282.0,581037,0.0
4,548282.0,581042,0.0
5,548282.0,581045,0.0
6,548282.0,594360,0.0
0,548290.0,537215,0.0
1,548290.0,550762,0.0
0,548291.0,537243,0.0
1,548291.0,550762,0.0
0,548421.0,547369,0.0
1,548421.0,550302,0.0
2,548421.0,581151,0.0
0,548422.0,545275,0.0
0,548423.0,536942,0.0
1,548423.0,545252,0.0
2,548423.0,547868,0.0
3,548423.0,550404,0.0
0,548424.0,537301,0.0
1,548424.0,545253,0.0
2,548424.0,568422,0.0
0,548425.0,545288,0.0
1,548425.0,545291,0.0
2,548425.0,547868,0.0
3,548425.0,550436,0.0
4,548425.0,550454,0.0
0,548431.0,545383,0.0
1,548431.0,550762,0.0
0,548523.0,545090,0.0
1,548523.0,597182,0.0
0,548524.0,545084,0.0
1,548524.0,545087,0.0
2,548524.0,597182,0.0
0,548525.0,536156,0.0
1,548525.0,547345,0.0
2,548525.0,597183,0.0
0,548526.0,597183,0.0
0,548527.0,545101,0.0
1,548527.0,597182,0.0
0,548529.0,536152,0.0
1,548529.0,545116,0.0
2,548529.0,597383,0.0
0,548530.0,536161,0.0
1,548530.0,545091,0.0
2,548530.0,545107,0.0
3,548530.0,548916,0.0
4,548530.0,548917,0.0
5,548530.0,597182,0.0
0,548531.0,536156,0.0
1,548531.0,545110,0.0
2,548531.0,547353,0.0
0,548532.0,536156,0.0
1,548532.0,547352,0.0
2,548532.0,597383,0.0
0,548533.0,536156,0.0
1,548533.0,545110,0.0
0,548534.0,548925,0.0
1,548534.0,580850,0.0
2,548534.0,597183,0.0
3,548534.0,597383,0.0
0,548535.0,545114,0.0
1,548535.0,545123,0.0
2,548535.0,597182,0.0
0,548536.0,545098,0.0
1,548536.0,545122,0.0
2,548536.0,548923,0.0
3,548536.0,558537,0.0
4,548536.0,580814,0.0
5,548536.0,595900,0.0
6,548536.0,597182,0.0
0,548537.0,597182,0.0
0,548538.0,548930,0.0
1,548538.0,597183,0.0
0,548539.0,547357,0.0
1,548539.0,597183,0.0
0,548540.0,545123,0.0
1,548540.0,597182,0.0
0,548541.0,597182,0.0
0,548542.0,536161,0.0
1,548542.0,597182,0.0
0,548543.0,536161,0.0
0,548545.0,536156,0.0
1,548545.0,597383,0.0
0,548548.0,545129,0.0
1,548548.0,597182,0.0
0,548549.0,536161,0.0
1,548549.0,597383,0.0
0,548550.0,545144,0.0
1,548550.0,597182,0.0
0,548551.0,536161,0.0
1,548551.0,597383,0.0
0,548553.0,597182,0.0
0,548554.0,550182,0.0
1,548554.0,558612,0.0
2,548554.0,597182,0.0
0,548555.0,597182,0.0
0,548556.0,536161,0.0
0,548557.0,597182,0.0
0,548558.0,581100,0.0
1,548558.0,597183,0.0
0,548559.0,545155,0.0
1,548559.0,597182,0.0
0,548560.0,536160,0.0
1,548560.0,536161,0.0
2,548560.0,536543,0.0
3,548560.0,536639,0.0
4,548560.0,547362,0.0
5,548560.0,548932,0.0
6,548560.0,548936,0.0
7,548560.0,548945,0.0
8,548560.0,595911,0.0
9,548560.0,597383,0.0
0,548561.0,597183,0.0
0,548562.0,536157,0.0
1,548562.0,548948,0.0
2,548562.0,580883,0.0
3,548562.0,597183,0.0
0,548563.0,597183,0.0
1,548563.0,597383,0.0
0,548564.0,536625,0.0
1,548564.0,550200,0.0
2,548564.0,550245,0.0
3,548564.0,568294,0.0
4,548564.0,597182,0.0
0,548566.0,545168,0.0
1,548566.0,581037,0.0
2,548566.0,597182,0.0
0,548567.0,545172,0.0
1,548567.0,545177,0.0
2,548567.0,548951,0.0
3,548567.0,597183,0.0
0,548568.0,597182,0.0
0,548569.0,536757,0.0
1,548569.0,545181,0.0
2,548569.0,545225,0.0
3,548569.0,547365,0.0
4,548569.0,548955,0.0
0,548570.0,536749,0.0
1,548570.0,545200,0.0
2,548570.0,547377,0.0
0,548573.0,545193,0.0
1,548573.0,581037,0.0
2,548573.0,594362,0.0
3,548573.0,597182,0.0
0,548574.0,536162,0.0
1,548574.0,581308,0.0
2,548574.0,597183,0.0
0,548578.0,548970,0.0
1,548578.0,581151,0.0
2,548578.0,597182,0.0
0,548579.0,545275,0.0
1,548579.0,597182,0.0
2,548579.0,547381,1.7240939655616694
0,548580.0,537301,0.0
1,548580.0,545225,0.0
2,548580.0,548984,0.0
3,548580.0,595942,0.0
0,548581.0,536849,0.0
1,548581.0,545235,0.0
2,548581.0,548975,0.0
3,548581.0,548982,0.0
0,548583.0,545226,0.0
1,548583.0,545275,0.0
2,548583.0,548981,0.0
3,548583.0,597182,0.0
0,548584.0,537301,0.0
1,548584.0,547391,0.0
0,548585.0,537301,0.0
0,548587.0,537301,0.0
0,548588.0,537301,0.0
1,548588.0,545259,0.0
2,548588.0,558896,0.0
0,548591.0,537301,0.0
1,548591.0,545306,0.0
2,548591.0,547955,0.0
3,548591.0,568426,0.0
4,548591.0,568446,0.0
5,548591.0,594395,0.0
0,548593.0,537301,0.0
1,548593.0,545306,0.0
2,548593.0,549003,0.0
0,548595.0,537301,0.0
1,548595.0,568501,0.0
0,548596.0,537301,0.0
1,548596.0,558114,0.0
2,548596.0,558989,0.0
0,548597.0,537301,0.0
0,548896.0,580722,0.0
1,548896.0,597177,0.0
2,548896.0,597183,0.0
3,548896.0,597360,0.0
0,548900.0,545090,0.0
1,548900.0,580741,0.0
0,548903.0,580722,0.0
1,548903.0,597183,0.0
0,548908.0,536392,0.0
1,548908.0,545090,0.0
2,548908.0,597182,0.0
3,548908.0,597357,0.0
0,548909.0,547349,0.0
1,548909.0,597182,0.0
0,548911.0,545104,0.0
1,548911.0,597182,0.0
0,548913.0,536153,0.0
1,548913.0,547349,0.0
2,548913.0,597182,0.0
0,548916.0,536161,0.0
1,548916.0,548530,0.0
0,548917.0,548530,0.0
1,548917.0,597182,0.0
0,548918.0,536490,0.0
1,548918.0,596779,0.0
0,548919.0,536156,0.0
1,548919.0,545116,0.0
0,548921.0,580850,0.0
1,548921.0,597183,0.0
0,548923.0,548536,0.0
1,548923.0,580814,0.0
2,548923.0,595900,0.0
3,548923.0,597182,0.0
0,548925.0,548534,0.0
1,548925.0,580850,0.0
2,548925.0,597183,0.0
0,548926.0,558550,0.0
1,548926.0,568194,0.0
2,548926.0,580814,0.0
3,548926.0,595899,0.0
4,548926.0,597182,0.0
0,548928.0,536151,0.0
1,548928.0,536490,0.0
2,548928.0,536496,0.0
3,548928.0,545093,0.0
4,548928.0,545124,0.0
5,548928.0,547347,0.0
6,548928.0,558456,0.0
7,548928.0,568223,0.0
8,548928.0,595894,0.0
9,548928.0,596779,0.0
10,548928.0,597183,0.0
11,548928.0,597360,0.0
0,548930.0,548538,0.0
1,548930.0,580883,0.0
2,548930.0,597183,0.0
0,548932.0,536161,0.0
1,548932.0,536543,0.0
2,548932.0,548560,0.0
3,548932.0,595911,0.0
0,548933.0,580883,0.0
1,548933.0,597183,0.0
0,548935.0,545136,0.0
1,548935.0,568249,0.0
2,548935.0,597182,0.0
0,548936.0,548560,0.0
1,548936.0,597383,0.0
0,548937.0,597183,0.0
0,548938.0,536660,0.0
1,548938.0,581100,0.0
0,548940.0,545144,0.0
1,548940.0,550196,0.0
2,548940.0,550200,0.0
3,548940.0,597182,0.0
0,548945.0,536160,0.0
1,548945.0,536639,0.0
2,548945.0,548560,0.0
3,548945.0,597383,0.0
0,548948.0,545183,0.0
1,548948.0,548562,0.0
2,548948.0,597183,0.0
3,548948.0,597383,0.0
0,548951.0,545172,0.0
1,548951.0,548567,0.0
2,548951.0,597183,0.0
0,548955.0,536757,0.0
1,548955.0,545225,0.0
2,548955.0,548569,0.0
0,548957.0,581100,0.0
1,548957.0,597183,0.0
0,548962.0,545183,0.0
1,548962.0,547374,0.0
2,548962.0,597183,0.0
3,548962.0,597383,0.0
0,548964.0,536795,0.0
1,548964.0,581100,0.0
0,548966.0,537301,0.0
1,548966.0,545196,0.0
2,548966.0,547377,0.0
0,548968.0,597182,0.0
0,548970.0,548578,0.0
1,548970.0,550312,0.0
2,548970.0,597182,0.0
0,548972.0,536827,0.0
1,548972.0,545208,0.0
2,548972.0,547374,0.0
3,548972.0,547787,0.0
4,548972.0,597383,0.0
0,548973.0,536827,0.0
1,548973.0,547787,0.0
0,548975.0,545235,0.0
1,548975.0,548581,0.0
0,548976.0,581308,0.0
0,548978.0,581308,0.0
0,548981.0,545275,0.0
1,548981.0,548583,0.0
2,548981.0,597182,0.0
0,548982.0,536849,0.0
1,548982.0,545235,0.0
2,548982.0,547787,0.0
3,548982.0,548581,0.0
4,548982.0,597383,0.0
0,548984.0,536876,0.0
1,548984.0,537301,0.0
2,548984.0,545225,0.0
3,548984.0,545228,0.0
4,548984.0,545233,0.0
5,548984.0,545247,0.0
6,548984.0,547866,0.0
7,548984.0,548580,0.0
8,548984.0,594388,0.0
9,548984.0,595942,0.0
0,548985.0,550334,0.0
1,548985.0,597183,0.0
2,548985.0,597383,0.0
0,548988.0,545275,0.0
1,548988.0,550404,0.0
0,548990.0,545293,0.0
1,548990.0,558912,0.0
2,548990.0,558936,0.0
3,548990.0,581308,0.0
4,548990.0,597183,0.0
5,548990.0,597383,0.0
0,548991.0,537301,0.0
1,548991.0,545294,0.0
0,548993.0,537301,0.0
0,548994.0,537301,0.0
1,548994.0,545277,0.0
2,548994.0,550762,0.0
0,549003.0,537301,0.0
1,549003.0,548593,0.0
2,549003.0,568501,0.0
0,549007.0,537301,0.0
1,549007.0,550504,0.0
2,549007.0,558114,0.0
0,549008.0,537301,0.0
1,549008.0,581538,0.0
0,549022.0,537195,0.0
1,549022.0,537318,0.0
2,549022.0,550628,0.0
3,549022.0,550762,0.0
4,549022.0,581538,0.0
0,550180.0,545132,0.0
1,550180.0,547357,0.0
2,550180.0,581100,0.0
0,550182.0,548554,0.0
1,550182.0,558612,0.0
2,550182.0,597182,0.0
0,550196.0,545144,0.0
1,550196.0,548940,0.0
2,550196.0,594345,0.0
3,550196.0,597182,0.0
0,550200.0,536625,0.0
1,550200.0,548564,0.0
2,550200.0,548940,0.0
3,550200.0,568243,0.0
4,550200.0,597182,0.0
0,550245.0,536597,0.0
1,550245.0,536625,0.0
2,550245.0,536675,0.0
3,550245.0,547944,0.0
4,550245.0,548282,0.0
5,550245.0,548564,0.0
6,550245.0,558685,0.0
7,550245.0,568243,0.0
8,550245.0,568294,0.0
9,550245.0,580971,0.0
10,550245.0,581011,0.0
11,550245.0,581037,0.0
12,550245.0,581045,0.0
13,550245.0,597182,0.0
0,550250.0,547944,0.0
1,550250.0,547946,0.0
2,550250.0,558685,0.0
3,550250.0,580971,0.0
4,550250.0,581011,0.0
5,550250.0,581045,0.0
6,550250.0,581151,0.0
0,550269.0,545191,0.0
1,550269.0,547369,0.0
2,550269.0,581045,0.0
3,550269.0,597182,0.0
0,550283.0,536795,0.0
1,550283.0,568332,0.0
2,550283.0,568374,0.0
3,550283.0,581308,0.0
4,550283.0,597183,0.0
0,550297.0,581110,0.0
1,550297.0,597183,0.0
2,550297.0,597383,0.0
0,550299.0,536763,0.0
1,550299.0,547369,0.0
2,550299.0,547946,0.0
3,550299.0,581151,0.0
0,550302.0,545209,0.0
1,550302.0,547369,0.0
2,550302.0,548421,0.0
3,550302.0,581151,0.0
4,550302.0,597182,0.0
0,550312.0,548970,0.0
1,550312.0,597182,0.0
0,550334.0,548985,0.0
1,550334.0,581110,0.0
2,550334.0,597183,0.0
3,550334.0,597383,0.0
0,550396.0,536937,0.0
1,550396.0,537301,0.0
2,550396.0,545281,0.0
3,550396.0,558861,0.0
4,550396.0,568421,0.0
0,550404.0,536942,0.0
1,550404.0,545244,0.0
2,550404.0,545252,0.0
3,550404.0,545275,0.0
4,550404.0,547868,0.0
5,550404.0,548423,0.0
6,550404.0,548988,0.0
7,550404.0,581151,0.0
8,550404.0,597182,0.0
0,550436.0,537034,0.0
1,550436.0,545275,0.0
2,550436.0,545281,0.0
3,550436.0,545288,0.0
4,550436.0,545291,0.0
5,550436.0,547399,0.0
6,550436.0,547866,0.0
7,550436.0,548425,0.0
8,550436.0,558923,0.0
0,550446.0,537301,0.0
1,550446.0,545294,0.0
0,550454.0,537158,0.0
1,550454.0,545288,0.0
2,550454.0,547868,0.0
3,550454.0,548425,0.0
0,550502.0,537301,0.0
1,550502.0,558115,0.0
2,550502.0,581538,0.0
0,550504.0,537301,0.0
1,550504.0,545323,0.0
2,550504.0,545336,0.0
3,550504.0,549007,0.0
4,550504.0,558112,0.0
5,550504.0,558114,0.0
6,550504.0,558989,0.0
7,550504.0,568514,0.0
0,550567.0,537175,0.0
1,550567.0,537271,0.0
2,550567.0,537301,0.0
3,550567.0,545328,0.0
4,550567.0,545340,0.0
5,550567.0,545349,0.0
6,550567.0,547403,0.0
7,550567.0,576239,0.0
8,550567.0,581393,0.0
9,550567.0,581400,0.0
10,550567.0,581427,0.0
11,550567.0,581483,0.0
0,550592.0,537301,0.0
1,550592.0,545349,0.0
2,550592.0,568549,0.0
3,550592.0,581483,0.0
0,550628.0,537254,0.0
1,550628.0,537318,0.0
2,550628.0,549022,0.0
3,550628.0,568559,0.0
4,550628.0,581538,0.0
0,550762.0,537158,0.0
1,550762.0,537194,0.0
2,550762.0,537195,0.0
3,550762.0,537215,0.0
4,550762.0,537222,0.0
5,550762.0,537243,0.0
6,550762.0,537301,0.0
7,550762.0,537318,0.0
8,550762.0,545281,0.0
9,550762.0,545320,0.0
10,550762.0,545352,0.0
11,550762.0,545383,0.0
12,550762.0,547407,0.0
13,550762.0,547868,0.0
14,550762.0,547969,0.0
15,550762.0,548290,0.0
16,550762.0,548291,0.0
17,550762.0,548431,0.0
18,550762.0,548994,0.0
19,550762.0,549022,0.0
20,550762.0,558118,0.0
21,550762.0,558121,0.0
22,550762.0,558923,0.0
23,550762.0,568495,0.0
24,550762.0,568508,0.0
25,550762.0,568523,0.0
26,550762.0,576243,0.0
27,550762.0,576246,0.0
28,550762.0,581011,0.0
29,550762.0,581151,0.0
0,558104.0,537301,0.0
0,558112.0,537301,0.0
1,558112.0,545323,0.0
2,558112.0,550504,0.0
3,558112.0,558989,0.0
0,558114.0,537301,0.0
1,558114.0,548596,0.0
2,558114.0,549007,0.0
3,558114.0,550504,0.0
4,558114.0,558989,0.0
0,558115.0,537301,0.0
1,558115.0,545323,0.0
2,558115.0,550502,0.0
3,558115.0,558999,0.0
4,558115.0,581538,0.0
0,558118.0,537195,0.0
1,558118.0,537301,0.0
2,558118.0,550762,0.0
3,558118.0,581538,0.0
0,558121.0,550762,0.0
0,558397.0,545090,0.0
1,558397.0,547858,0.0
2,558397.0,597182,0.0
0,558401.0,597181,0.0
1,558401.0,597360,0.0
0,558409.0,580741,0.0
0,558444.0,536465,0.0
1,558444.0,536490,0.0
2,558444.0,545092,0.0
3,558444.0,547344,0.0
4,558444.0,597181,0.0
5,558444.0,597360,0.0
0,558456.0,536490,0.0
1,558456.0,548928,0.0
2,558456.0,597360,0.0
0,558537.0,548536,0.0
0,558550.0,545097,0.0
1,558550.0,548926,0.0
2,558550.0,568194,0.0
3,558550.0,580814,0.0
4,558550.0,597182,0.0
0,558612.0,548554,0.0
1,558612.0,550182,0.0
2,558612.0,597182,0.0
0,558618.0,536599,0.0
1,558618.0,536660,0.0
2,558618.0,581100,0.0
3,558618.0,596779,0.0
0,558656.0,597383,0.0
0,558685.0,536675,0.0
1,558685.0,547944,0.0
2,558685.0,550245,0.0
3,558685.0,550250,0.0
4,558685.0,580971,0.0
0,558786.0,537301,0.0
1,558786.0,545219,0.0
2,558786.0,568366,0.0
3,558786.0,597383,0.0
0,558861.0,536937,0.0
1,558861.0,545281,0.0
2,558861.0,547866,0.0
3,558861.0,550396,0.0
0,558896.0,537301,0.0
1,558896.0,545259,0.0
2,558896.0,548588,0.0
0,558912.0,545293,0.0
1,558912.0,548990,0.0
2,558912.0,581308,0.0
0,558923.0,537158,0.0
1,558923.0,545281,0.0
2,558923.0,545288,0.0
3,558923.0,550436,0.0
4,558923.0,550762,0.0
0,558936.0,545293,0.0
1,558936.0,548990,0.0
2,558936.0,568464,0.0
3,558936.0,597383,0.0
0,558939.0,545293,0.0
1,558939.0,545300,0.0
2,558939.0,568464,0.0
3,558939.0,581308,0.0
0,558958.0,545300,0.0
1,558958.0,568464,0.0
2,558958.0,597383,0.0
0,558967.0,537017,0.0
1,558967.0,545300,0.0
2,558967.0,547961,0.0
3,558967.0,581308,0.0
4,558967.0,597383,0.0
0,558989.0,537301,0.0
1,558989.0,548596,0.0
2,558989.0,550504,0.0
3,558989.0,558112,0.0
4,558989.0,558114,0.0
5,558989.0,568479,0.0
0,558999.0,537101,0.0
1,558999.0,545323,0.0
2,558999.0,558115,0.0
3,558999.0,581538,0.0
0,559102.0,581538,0.0
0,568194.0,548926,0.0
1,568194.0,558550,0.0
2,568194.0,597182,0.0
0,568223.0,536496,0.0
1,568223.0,536599,0.0
2,568223.0,545124,0.0
3,568223.0,548928,0.0
4,568223.0,581100,0.0
5,568223.0,596779,0.0
0,568225.0,597182,0.0
0,568243.0,536625,0.0
1,568243.0,550200,0.0
2,568243.0,550245,0.0
3,568243.0,581011,0.0
4,568243.0,597182,0.0
0,568249.0,547365,0.0
1,568249.0,548935,0.0
2,568249.0,597182,0.0
0,568294.0,545159,0.0
1,568294.0,548564,0.0
2,568294.0,550245,0.0
3,568294.0,597182,0.0
0,568300.0,597183,0.0
1,568300.0,597383,0.0
0,568306.0,581037,0.0
1,568306.0,597182,0.0
0,568332.0,536795,0.0
1,568332.0,550283,0.0
2,568332.0,581100,0.0
3,568332.0,597183,0.0
0,568335.0,537301,0.0
1,568335.0,545205,0.0
2,568335.0,597383,0.0
0,568366.0,537301,0.0
1,568366.0,558786,0.0
0,568374.0,536795,0.0
1,568374.0,537111,0.0
2,568374.0,550283,0.0
3,568374.0,581100,0.0
4,568374.0,581308,0.0
0,568418.0,537301,0.0
0,568421.0,536876,0.0
1,568421.0,536937,0.0
2,568421.0,537301,0.0
3,568421.0,545259,0.0
4,568421.0,547866,0.0
5,568421.0,550396,0.0
6,568421.0,594388,0.0
0,568422.0,537301,0.0
1,568422.0,545253,0.0
2,568422.0,548424,0.0
0,568426.0,537301,0.0
1,568426.0,545253,0.0
2,568426.0,547955,0.0
3,568426.0,548591,0.0
4,568426.0,594395,0.0
0,568441.0,537301,0.0
0,568446.0,537301,0.0
1,568446.0,548591,0.0
0,568451.0,537301,0.0
0,568464.0,545293,0.0
1,568464.0,545300,0.0
2,568464.0,558936,0.0
3,568464.0,558939,0.0
4,568464.0,558958,0.0
5,568464.0,597383,0.0
0,568479.0,537301,0.0
1,568479.0,558989,0.0
0,568483.0,537101,0.0
1,568483.0,537301,0.0
2,568483.0,545323,0.0
3,568483.0,581538,0.0
0,568493.0,537301,0.0
1,568493.0,545328,0.0
2,568493.0,581400,0.0
0,568495.0,550762,0.0
0,568501.0,537301,0.0
1,568501.0,548595,0.0
2,568501.0,549003,0.0
0,568504.0,537301,0.0
1,568504.0,581538,0.0
0,568508.0,537301,0.0
1,568508.0,550762,0.0
0,568514.0,537301,0.0
1,568514.0,545336,0.0
2,568514.0,550504,0.0
0,568523.0,537301,0.0
1,568523.0,550762,0.0
0,568549.0,537301,0.0
1,568549.0,550592,0.0
0,568559.0,550628,0.0
1,568559.0,581538,0.0
0,576125.0,597183,0.0
0,576143.0,545193,0.0
1,576143.0,548282,0.0
2,576143.0,581042,0.0
3,576143.0,581045,0.0
0,576239.0,537271,0.0
1,576239.0,537301,0.0
2,576239.0,550567,0.0
3,576239.0,597383,0.0
0,576243.0,537301,0.0
1,576243.0,550762,0.0
0,576246.0,537158,0.0
1,576246.0,550762,0.0
0,576248.0,537301,0.0
1,576248.0,545325,0.0
2,576248.0,581538,0.0
0,580722.0,545082,0.0
1,580722.0,548896,0.0
2,580722.0,548903,0.0
3,580722.0,597177,0.0
4,580722.0,597183,0.0
0,580741.0,536415,0.0
1,580741.0,545090,0.0
2,580741.0,545101,0.0
3,580741.0,547346,0.0
4,580741.0,548900,0.0
5,580741.0,558409,0.0
6,580741.0,597182,0.0
0,580774.0,536465,0.0
1,580774.0,536490,0.0
2,580774.0,545092,0.0
3,580774.0,547350,0.0
4,580774.0,596779,0.0
0,580787.0,596779,0.0
0,580814.0,545126,0.0
1,580814.0,548536,0.0
2,580814.0,548923,0.0
3,580814.0,548926,0.0
4,580814.0,558550,0.0
5,580814.0,595899,0.0
6,580814.0,597182,0.0
0,580850.0,548534,0.0
1,580850.0,548921,0.0
2,580850.0,548925,0.0
3,580850.0,597183,0.0
0,580883.0,548562,0.0
1,580883.0,548930,0.0
2,580883.0,548933,0.0
3,580883.0,597183,0.0
0,580971.0,550245,0.0
1,580971.0,550250,0.0
2,580971.0,558685,0.0
0,581011.0,536597,0.0
1,581011.0,545126,0.0
2,581011.0,550245,0.0
3,581011.0,550250,0.0
4,581011.0,550762,0.0
5,581011.0,568243,0.0
6,581011.0,597182,0.0
0,581037.0,545188,0.0
1,581037.0,545193,0.0
2,581037.0,548282,0.0
3,581037.0,548566,0.0
4,581037.0,548573,0.0
5,581037.0,550245,0.0
6,581037.0,568306,0.0
7,581037.0,594362,0.0
8,581037.0,597182,0.0
0,581042.0,545193,0.0
1,581042.0,548282,0.0
2,581042.0,576143,0.0
0,581045.0,545191,0.0
1,581045.0,545193,0.0
2,581045.0,547944,0.0
3,581045.0,547946,0.0
4,581045.0,548282,0.0
5,581045.0,550245,0.0
6,581045.0,550250,0.0
7,581045.0,550269,0.0
8,581045.0,576143,0.0
9,581045.0,594360,0.0
10,581045.0,597182,0.0
0,581100.0,536599,0.0
1,581100.0,536660,0.0
2,581100.0,536795,0.0
3,581100.0,545124,0.0
4,581100.0,545132,0.0
5,581100.0,547357,0.0
6,581100.0,548558,0.0
7,581100.0,548938,0.0
8,581100.0,548957,0.0
9,581100.0,548964,0.0
10,581100.0,550180,0.0
11,581100.0,558618,0.0
12,581100.0,568223,0.0
13,581100.0,568332,0.0
14,581100.0,568374,0.0
15,581100.0,595912,0.0
16,581100.0,596779,0.0
17,581100.0,597183,0.0
0,581110.0,550297,0.0
1,581110.0,550334,0.0
2,581110.0,597183,0.0
3,581110.0,597383,0.0
0,581151.0,536763,0.0
1,581151.0,545209,0.0
2,581151.0,547369,0.0
3,581151.0,547946,0.0
4,581151.0,548421,0.0
5,581151.0,548578,0.0
6,581151.0,550250,0.0
7,581151.0,550299,0.0
8,581151.0,550302,0.0
9,581151.0,550404,0.0
10,581151.0,550762,0.0
11,581151.0,597182,0.0
0,581308.0,537017,0.0
1,581308.0,537111,0.0
2,581308.0,545256,0.0
3,581308.0,545293,0.0
4,581308.0,545300,0.0
5,581308.0,547394,0.0
6,581308.0,547961,0.0
7,581308.0,548574,0.0
8,581308.0,548976,0.0
9,581308.0,548978,0.0
10,581308.0,548990,0.0
11,581308.0,550283,0.0
12,581308.0,558912,0.0
13,581308.0,558939,0.0
14,581308.0,558967,0.0
15,581308.0,568374,0.0
16,581308.0,588215,0.0
17,581308.0,595956,0.0
18,581308.0,597183,0.0
0,581393.0,537301,0.0
1,581393.0,550567,0.0
0,581400.0,537301,0.0
1,581400.0,545328,0.0
2,581400.0,545340,0.0
3,581400.0,550567,0.0
4,581400.0,568493,0.0
0,581427.0,537301,0.0
1,581427.0,545340,0.0
2,581427.0,545349,0.0
3,581427.0,550567,0.0
0,581483.0,545349,0.0
1,581483.0,550567,0.0
2,581483.0,550592,0.0
0,581538.0,537101,0.0
1,581538.0,537195,0.0
2,581538.0,537254,0.0
3,581538.0,537301,0.0
4,581538.0,545325,0.0
5,581538.0,549008,0.0
6,581538.0,549022,0.0
7,581538.0,550502,0.0
8,581538.0,550628,0.0
9,581538.0,558115,0.0
10,581538.0,558118,0.0
11,581538.0,558999,0.0
12,581538.0,559102,0.0
13,581538.0,568483,0.0
14,581538.0,568504,0.0
15,581538.0,568559,0.0
16,581538.0,576248,0.0
0,588215.0,581308,0.0
0,594319.0,545088,0.0
1,594319.0,597360,0.0
0,594345.0,545144,0.0
1,594345.0,550196,0.0
2,594345.0,597182,0.0
0,594360.0,548282,0.0
1,594360.0,581045,0.0
0,594362.0,545193,0.0
1,594362.0,548573,0.0
2,594362.0,581037,0.0
0,594388.0,536876,0.0
1,594388.0,537301,0.0
2,594388.0,545247,0.0
3,594388.0,548984,0.0
4,594388.0,568421,0.0
0,594395.0,547955,0.0
1,594395.0,548591,0.0
2,594395.0,568426,0.0
0,595878.0,597360,0.0
0,595891.0,597182,0.0
0,595894.0,548928,0.0
0,595899.0,548926,0.0
1,595899.0,580814,0.0
0,595900.0,548536,0.0
1,595900.0,548923,0.0
0,595911.0,548560,0.0
1,595911.0,548932,0.0
0,595912.0,581100,0.0
0,595920.0,537301,0.0
1,595920.0,545175,0.0
2,595920.0,597383,0.0
0,595942.0,548580,0.0
1,595942.0,548984,0.0
0,595950.0,537301,0.0
0,595956.0,547961,0.0
1,595956.0,581308,0.0
0,596779.0,465929,0.0
1,596779.0,536490,0.0
2,596779.0,536496,0.0
3,596779.0,536599,0.0
4,596779.0,536660,0.0
5,596779.0,548918,0.0
6,596779.0,548928,0.0
7,596779.0,558618,0.0
8,596779.0,568223,0.0
9,596779.0,580774,0.0
10,596779.0,580787,0.0
11,596779.0,581100,0.0
12,596779.0,597365,0.0
0,597157.0,473836,0.0
1,597157.0,502407,0.0
2,597157.0,597186,0.0
3,597157.0,597357,0.0
0,597177.0,466773,0.0
1,597177.0,466775,0.0
2,597177.0,473838,0.0
3,597177.0,502395,0.0
4,597177.0,502406,0.0
5,597177.0,545082,0.0
6,597177.0,548896,0.0
7,597177.0,580722,0.0
8,597177.0,597208,0.0
9,597177.0,597227,0.0
10,597177.0,597254,0.0
11,597177.0,597338,0.0
12,597177.0,597360,0.0
0,597179.0,597184,0.0
1,597179.0,597204,0.0
2,597179.0,597227,0.0
3,597179.0,597360,0.0
0,597181.0,547344,0.0
1,597181.0,558401,0.0
2,597181.0,558444,0.0
3,597181.0,597187,0.0
4,597181.0,597227,0.0
5,597181.0,597360,0.0
6,597181.0,597365,0.0
0,597182.0,465670,0.0
1,597182.0,465677,0.0
2,597182.0,465681,0.0
3,597182.0,465696,0.0
4,597182.0,465698,0.0
5,597182.0,465713,0.0
6,597182.0,465717,0.0
7,597182.0,465720,0.0
8,597182.0,465730,0.0
9,597182.0,465735,0.0
10,597182.0,465736,0.0
11,597182.0,465738,0.0
12,597182.0,465934,0.0
13,597182.0,466348,0.0
14,597182.0,466350,0.0
15,597182.0,466354,0.0
16,597182.0,466359,0.0
17,597182.0,466360,0.0
18,597182.0,466369,0.0
19,597182.0,466372,0.0
20,597182.0,466373,0.0
21,597182.0,466377,0.0
22,597182.0,466735,0.0
23,597182.0,466738,0.0
24,597182.0,466741,0.0
25,597182.0,466749,0.0
26,597182.0,466751,0.0
27,597182.0,466754,0.0
28,597182.0,466759,0.0
29,597182.0,466763,0.0
30,597182.0,466771,0.0
31,597182.0,466774,0.0
32,597182.0,473701,0.0
33,597182.0,473713,0.0
34,597182.0,473732,0.0
35,597182.0,473824,0.0
36,597182.0,473836,0.0
37,597182.0,473839,0.0
38,597182.0,474518,0.0
39,597182.0,481762,0.0
40,597182.0,481772,0.0
41,597182.0,488008,0.0
42,597182.0,488040,0.0
43,597182.0,488090,0.0
44,597182.0,493448,0.0
45,597182.0,502155,0.0
46,597182.0,502358,0.0
47,597182.0,509033,0.0
48,597182.0,511566,0.0
49,597182.0,511584,0.0
50,597182.0,512677,0.0
51,597182.0,512681,0.0
52,597182.0,512692,0.0
53,597182.0,512716,0.0
54,597182.0,536153,0.0
55,597182.0,536161,0.0
56,597182.0,545079,0.0
57,597182.0,545084,0.0
58,597182.0,545085,0.0
59,597182.0,545087,0.0
60,597182.0,545090,0.0
61,597182.0,545091,0.0
62,597182.0,545097,0.0
63,597182.0,545098,0.0
64,597182.0,545101,0.0
65,597182.0,545104,0.0
66,597182.0,545114,0.0
67,597182.0,545119,0.0
68,597182.0,545120,0.0
69,597182.0,545122,0.0
70,597182.0,545123,0.0
71,597182.0,545126,0.0
72,597182.0,545129,0.0
73,597182.0,545130,0.0
74,597182.0,545133,0.0
75,597182.0,545136,0.0
76,597182.0,545144,0.0
77,597182.0,545146,0.0
78,597182.0,545155,0.0
79,597182.0,545159,0.0
80,597182.0,545168,0.0
81,597182.0,545178,0.0
82,597182.0,545188,0.0
83,597182.0,545192,0.0
84,597182.0,545193,0.0
85,597182.0,545197,0.0
86,597182.0,545209,0.0
87,597182.0,545218,0.0
88,597182.0,545225,0.0
89,597182.0,545226,0.0
90,597182.0,545244,0.0
91,597182.0,545275,0.0
92,597182.0,547341,0.0
93,597182.0,547349,0.0
94,597182.0,547354,0.0
95,597182.0,547356,0.0
96,597182.0,547358,0.0
97,597182.0,547365,0.0
98,597182.0,547369,0.0
99,597182.0,547371,0.0
100,597182.0,547866,0.0
101,597182.0,548523,0.0
102,597182.0,548524,0.0
103,597182.0,548527,0.0
104,597182.0,548530,0.0
105,597182.0,548535,0.0
106,597182.0,548536,0.0
107,597182.0,548537,0.0
108,597182.0,548540,0.0
109,597182.0,548541,0.0
110,597182.0,548542,0.0
111,597182.0,548548,0.0
112,597182.0,548550,0.0
113,597182.0,548553,0.0
114,597182.0,548554,0.0
115,597182.0,548555,0.0
116,597182.0,548557,0.0
117,597182.0,548559,0.0
118,597182.0,548564,0.0
119,597182.0,548566,0.0
120,597182.0,548568,0.0
121,597182.0,548573,0.0
122,597182.0,548578,0.0
123,597182.0,548579,0.0
124,597182.0,548583,0.0
125,597182.0,548908,0.0
126,597182.0,548909,0.0
127,597182.0,548911,0.0
128,597182.0,548913,0.0
129,597182.0,548917,0.0
130,597182.0,548923,0.0
131,597182.0,548926,0.0
132,597182.0,548935,0.0
133,597182.0,548940,0.0
134,597182.0,548968,0.0
135,597182.0,548970,0.0
136,597182.0,548981,0.0
137,597182.0,550182,0.0
138,597182.0,550196,0.0
139,597182.0,550200,0.0
140,597182.0,550245,0.0
141,597182.0,550269,0.0
142,597182.0,550302,0.0
143,597182.0,550312,0.0
144,597182.0,550404,0.0
145,597182.0,558397,0.0
146,597182.0,558550,0.0
147,597182.0,558612,0.0
148,597182.0,568194,0.0
149,597182.0,568225,0.0
150,597182.0,568243,0.0
151,597182.0,568249,0.0
152,597182.0,568294,0.0
153,597182.0,568306,0.0
154,597182.0,580741,0.0
155,597182.0,580814,0.0
156,597182.0,581011,0.0
157,597182.0,581037,0.0
158,597182.0,581045,0.0
159,597182.0,581151,0.0
160,597182.0,594345,0.0
161,597182.0,595891,0.0
162,597182.0,597186,0.0
163,597182.0,597188,0.0
164,597182.0,597190,0.0
165,597182.0,597192,0.0
166,597182.0,597201,0.0
167,597182.0,597247,0.0
168,597182.0,597293,0.0
169,597182.0,597296,0.0
170,597182.0,597301,0.0
171,597182.0,597357,0.0
172,597182.0,597383,0.0
0,597183.0,458367,0.0
1,597183.0,465648,0.0
2,597183.0,465650,0.0
3,597183.0,465657,0.0
4,597183.0,465660,0.0
5,597183.0,465667,0.0
6,597183.0,465678,0.0
7,597183.0,465680,0.0
8,597183.0,465682,0.0
9,597183.0,465683,0.0
10,597183.0,465690,0.0
11,597183.0,465694,0.0
12,597183.0,465697,0.0
13,597183.0,465700,0.0
14,597183.0,465703,0.0
15,597183.0,465709,0.0
16,597183.0,465711,0.0
17,597183.0,465715,0.0
18,597183.0,465716,0.0
19,597183.0,465722,0.0
20,597183.0,465724,0.0
21,597183.0,465728,0.0
22,597183.0,465731,0.0
23,597183.0,465734,0.0
24,597183.0,465927,0.0
25,597183.0,465929,0.0
26,597183.0,465930,0.0
27,597183.0,465932,0.0
28,597183.0,465940,0.0
29,597183.0,465992,0.0
30,597183.0,466268,0.0
31,597183.0,466343,0.0
32,597183.0,466344,0.0
33,597183.0,466345,0.0
34,597183.0,466346,0.0
35,597183.0,466347,0.0
36,597183.0,466352,0.0
37,597183.0,466353,0.0
38,597183.0,466355,0.0
39,597183.0,466357,0.0
40,597183.0,466358,0.0
41,597183.0,466361,0.0
42,597183.0,466364,0.0
43,597183.0,466366,0.0
44,597183.0,466367,0.0
45,597183.0,466368,0.0
46,597183.0,466370,0.0
47,597183.0,466371,0.0
48,597183.0,466374,0.0
49,597183.0,466375,0.0
50,597183.0,466376,0.0
51,597183.0,466745,0.0
52,597183.0,466750,0.0
53,597183.0,466757,0.0
54,597183.0,466769,0.0
55,597183.0,473652,0.0
56,597183.0,473668,0.0
57,597183.0,473669,0.0
58,597183.0,473682,0.0
59,597183.0,473698,0.0
60,597183.0,473699,0.0
61,597183.0,473711,0.0
62,597183.0,473838,0.0
63,597183.0,481814,0.0
64,597183.0,488059,0.0
65,597183.0,488078,0.0
66,597183.0,488092,0.0
67,597183.0,502091,0.0
68,597183.0,502113,0.0
69,597183.0,502195,0.0
70,597183.0,502261,0.0
71,597183.0,502274,0.0
72,597183.0,502305,0.0
73,597183.0,502312,0.0
74,597183.0,502374,0.0
75,597183.0,511597,0.0
76,597183.0,512674,0.0
77,597183.0,536149,0.0
78,597183.0,536151,0.0
79,597183.0,536152,0.0
80,597183.0,536156,0.0
81,597183.0,536157,0.0
82,597183.0,536159,0.0
83,597183.0,536162,0.0
84,597183.0,545081,0.0
85,597183.0,545082,0.0
86,597183.0,545095,0.0
87,597183.0,545116,0.0
88,597183.0,545124,0.0
89,597183.0,545153,0.0
90,597183.0,545172,0.0
91,597183.0,545177,0.0
92,597183.0,545183,0.0
93,597183.0,545189,0.0
94,597183.0,547345,0.0
95,597183.0,547352,0.0
96,597183.0,547357,0.0
97,597183.0,547374,0.0
98,597183.0,548525,0.0
99,597183.0,548526,0.0
100,597183.0,548534,0.0
101,597183.0,548538,0.0
102,597183.0,548539,0.0
103,597183.0,548558,0.0
104,597183.0,548561,0.0
105,597183.0,548562,0.0
106,597183.0,548563,0.0
107,597183.0,548567,0.0
108,597183.0,548574,0.0
109,597183.0,548896,0.0
110,597183.0,548903,0.0
111,597183.0,548921,0.0
112,597183.0,548925,0.0
113,597183.0,548928,0.0
114,597183.0,548930,0.0
115,597183.0,548933,0.0
116,597183.0,548937,0.0
117,597183.0,548948,0.0
118,597183.0,548951,0.0
119,597183.0,548957,0.0
120,597183.0,548962,0.0
121,597183.0,548985,0.0
122,597183.0,548990,0.0
123,597183.0,550283,0.0
124,597183.0,550297,0.0
125,597183.0,550334,0.0
126,597183.0,568300,0.0
127,597183.0,568332,0.0
128,597183.0,576125,0.0
129,597183.0,580722,0.0
130,597183.0,580850,0.0
131,597183.0,580883,0.0
132,597183.0,581100,0.0
133,597183.0,581110,0.0
134,597183.0,581308,0.0
135,597183.0,597185,0.0
136,597183.0,597189,0.0
137,597183.0,597195,0.0
138,597183.0,597196,0.0
139,597183.0,597197,0.0
140,597183.0,597203,0.0
141,597183.0,597227,0.0
142,597183.0,597286,0.0
143,597183.0,597321,0.0
144,597183.0,597338,0.0
145,597183.0,597360,0.0
146,597183.0,597383,0.0
0,597184.0,466775,0.0
1,597184.0,597179,0.0
2,597184.0,597204,0.0
3,597184.0,597227,0.0
4,597184.0,597360,0.0
0,597185.0,597183,0.0
1,597185.0,597196,0.0
2,597185.0,597198,0.0
3,597185.0,597338,0.0
0,597186.0,473836,0.0
1,597186.0,502407,0.0
2,597186.0,597157,0.0
3,597186.0,597182,0.0
4,597186.0,597357,0.0
0,597187.0,466772,0.0
1,597187.0,481904,0.0
2,597187.0,597181,0.0
3,597187.0,597227,0.0
4,597187.0,597365,0.0
0,597188.0,464747,0.0
1,597188.0,465934,0.0
2,597188.0,466770,0.0
3,597188.0,547341,0.0
4,597188.0,597182,0.0
5,597188.0,597383,0.0
0,597189.0,597183,0.0
1,597189.0,597321,0.0
0,597190.0,597182,0.0
0,597192.0,597182,0.0
1,597192.0,597293,0.0
2,597192.0,597301,0.0
0,597195.0,458367,0.0
1,597195.0,547352,0.0
2,597195.0,597183,0.0
3,597195.0,597383,0.0
0,597196.0,545082,0.0
1,597196.0,597183,0.0
2,597196.0,597185,0.0
3,597196.0,597198,0.0
0,597197.0,464678,0.0
1,597197.0,465715,0.0
2,597197.0,465728,0.0
3,597197.0,465734,0.0
4,597197.0,488123,0.0
5,597197.0,502329,0.0
6,597197.0,597183,0.0
0,597198.0,466776,0.0
1,597198.0,545082,0.0
2,597198.0,597185,0.0
3,597198.0,597196,0.0
4,597198.0,597208,0.0
5,597198.0,597338,0.0
0,597201.0,597182,0.0
1,597201.0,597296,0.0
0,597203.0,597183,0.0
0,597204.0,597179,0.0
1,597204.0,597184,0.0
2,597204.0,597227,0.0
0,597208.0,545082,0.0
1,597208.0,597177,0.0
2,597208.0,597198,0.0
3,597208.0,597338,0.0
0,597227.0,464634,0.0
1,597227.0,464676,0.0
2,597227.0,464680,0.0
3,597227.0,464729,0.0
4,597227.0,464736,0.0
5,597227.0,464759,0.0
6,597227.0,465703,0.0
7,597227.0,465706,0.0
8,597227.0,465714,0.0
9,597227.0,465721,0.0
10,597227.0,465726,0.0
11,597227.0,465993,0.0
12,597227.0,466268,0.0
13,597227.0,466366,0.0
14,597227.0,466758,0.0
15,597227.0,466772,0.0
16,597227.0,466773,0.0
17,597227.0,466775,0.0
18,597227.0,481814,0.0
19,597227.0,488144,0.0
20,597227.0,502274,0.0
21,597227.0,502275,0.0
22,597227.0,502305,0.0
23,597227.0,502312,0.0
24,597227.0,502360,0.0
25,597227.0,502374,0.0
26,597227.0,502406,0.0
27,597227.0,512710,0.0
28,597227.0,536368,0.0
29,597227.0,597177,0.0
30,597227.0,597179,0.0
31,597227.0,597181,0.0
32,597227.0,597183,0.0
33,597227.0,597184,0.0
34,597227.0,597187,0.0
35,597227.0,597204,0.0
36,597227.0,597360,0.0
37,597227.0,597365,0.0
0,597247.0,464474,0.0
1,597247.0,464606,0.0
2,597247.0,464660,0.0
3,597247.0,465677,0.0
4,597247.0,465687,0.0
5,597247.0,466354,0.0
6,597247.0,466359,0.0
7,597247.0,466362,0.0
8,597247.0,466741,0.0
9,597247.0,466749,0.0
10,597247.0,474518,0.0
11,597247.0,488040,0.0
12,597247.0,493448,0.0
13,597247.0,502155,0.0
14,597247.0,597182,0.0
0,597254.0,597177,0.0
1,597254.0,597360,0.0
0,597286.0,466370,0.0
1,597286.0,597183,0.0
0,597293.0,597182,0.0
1,597293.0,597192,0.0
0,597296.0,597182,0.0
1,597296.0,597201,0.0
0,597301.0,465738,0.0
1,597301.0,597182,0.0
2,597301.0,597192,0.0
0,597321.0,597183,0.0
1,597321.0,597189,0.0
0,597338.0,466776,0.0
1,597338.0,473838,0.0
2,597338.0,597177,0.0
3,597338.0,597183,0.0
4,597338.0,597185,0.0
5,597338.0,597198,0.0
6,597338.0,597208,0.0
0,597357.0,536392,0.0
1,597357.0,545090,0.0
2,597357.0,548908,0.0
3,597357.0,597157,0.0
4,597357.0,597182,0.0
5,597357.0,597186,0.0
0,597360.0,466775,0.0
1,597360.0,536368,0.0
2,597360.0,536490,0.0
3,597360.0,545088,0.0
4,597360.0,545093,0.0
5,597360.0,547347,0.0
6,597360.0,548896,0.0
7,597360.0,548928,0.0
8,597360.0,558401,0.0
9,597360.0,558444,0.0
10,597360.0,558456,0.0
11,597360.0,594319,0.0
12,597360.0,595878,0.0
13,597360.0,597177,0.0
14,597360.0,597179,0.0
15,597360.0,597181,0.0
16,597360.0,597183,0.0
17,597360.0,597184,0.0
18,597360.0,597227,0.0
19,597360.0,597254,0.0
0,597365.0,464627,0.0
1,597365.0,464676,0.0
2,597365.0,464689,0.0
3,597365.0,464729,0.0
4,597365.0,465929,0.0
5,597365.0,466772,0.0
6,597365.0,473698,0.0
7,597365.0,473779,0.0
8,597365.0,481850,0.0
9,597365.0,481904,0.0
10,597365.0,596779,0.0
11,597365.0,597181,0.0
12,597365.0,597187,0.0
13,597365.0,597227,0.0
0,597383.0,458367,0.0
1,597383.0,464747,0.0
2,597383.0,465680,0.0
3,597383.0,465681,0.0
4,597383.0,465696,0.0
5,597383.0,465716,0.0
6,597383.0,465724,0.0
7,597383.0,465930,0.0
8,597383.0,465934,0.0
9,597383.0,465940,0.0
10,597383.0,466351,0.0
11,597383.0,466360,0.0
12,597383.0,466735,0.0
13,597383.0,466738,0.0
14,597383.0,473701,0.0
15,597383.0,481643,0.0
16,597383.0,488008,0.0
17,597383.0,502155,0.0
18,597383.0,511584,0.0
19,597383.0,511597,0.0
20,597383.0,512677,0.0
21,597383.0,512681,0.0
22,597383.0,536152,0.0
23,597383.0,536156,0.0
24,597383.0,536159,0.0
25,597383.0,536160,0.0
26,597383.0,536161,0.0
27,597383.0,536164,0.0
28,597383.0,536543,0.0
29,597383.0,536687,0.0
30,597383.0,536749,0.0
31,597383.0,536773,0.0
32,597383.0,536827,0.0
33,597383.0,536849,0.0
34,597383.0,537111,0.0
35,597383.0,537271,0.0
36,597383.0,537301,0.0
37,597383.0,545103,0.0
38,597383.0,545106,0.0
39,597383.0,545108,0.0
40,597383.0,545116,0.0
41,597383.0,545135,0.0
42,597383.0,545175,0.0
43,597383.0,545183,0.0
44,597383.0,545187,0.0
45,597383.0,545189,0.0
46,597383.0,545200,0.0
47,597383.0,545203,0.0
48,597383.0,545205,0.0
49,597383.0,545227,0.0
50,597383.0,545235,0.0
51,597383.0,545237,0.0
52,597383.0,545242,0.0
53,597383.0,545256,0.0
54,597383.0,545300,0.0
55,597383.0,547352,0.0
56,597383.0,547354,0.0
57,597383.0,547367,0.0
58,597383.0,547374,0.0
59,597383.0,547377,0.0
60,597383.0,547787,0.0
61,597383.0,548529,0.0
62,597383.0,548532,0.0
63,597383.0,548534,0.0
64,597383.0,548545,0.0
65,597383.0,548549,0.0
66,597383.0,548551,0.0
67,597383.0,548560,0.0
68,597383.0,548563,0.0
69,597383.0,548936,0.0
70,597383.0,548945,0.0
71,597383.0,548948,0.0
72,597383.0,548962,0.0
73,597383.0,548972,0.0
74,597383.0,548982,0.0
75,597383.0,548985,0.0
76,597383.0,548990,0.0
77,597383.0,550297,0.0
78,597383.0,550334,0.0
79,597383.0,558656,0.0
80,597383.0,558786,0.0
81,597383.0,558936,0.0
82,597383.0,558958,0.0
83,597383.0,558967,0.0
84,597383.0,568300,0.0
85,597383.0,568335,0.0
86,597383.0,568464,0.0
87,597383.0,576239,0.0
88,597383.0,581110,0.0
89,597383.0,595920,0.0
90,597383.0,597182,0.0
91,597383.0,597183,0.0
92,597383.0,597188,0.0
93,597383.0,597195,0.0
